"VARIANT","PV_CODE"
"BM","CAG111"
"BM","CAG4"
"BM","CDG111"
"BM","CDG112"
"BM","CDG121"
"BM","CDS611"
"BM","CDS622"
"BM","CDS623"
"BM","CDS624"
"BM","CDS634"
"BM","CDS711"
"BM","CDS722"
"BM","CDS821"
"BM","CEF221"
"BM","CEF311"
"BM","CEF331"
"BM","CEF411"
"BM","CEM111"
"BM","CEM221"
"BM","CEM222"
"BM","CEM311"
"BM","CEM312"
"BM","CES131"
"BM","CES221"
"BM","CES311"
"BM","CES314"
"BM","CES315"
"BM","CES411"
"BM","CES414"
"BM","CES415"
"BM","CLF211"
"BM","CLG211"
"BM","CLM112"
"BM","CLM113"
"BM","CLM114"
"BM","CLM312"
"BM","CLM313"
"BM","CLM314"
"BM","CLM911"
"BM","CLS411"
"BM","CLS415"
"BM","CLS416"
"BM","CLS5"
"BM","CLS511"
"BM","CLS515"
"BM","CLS6"
"BM","CMS131"
"BM","CMS231"
"BM","CPG111"
"BM","CPG112"
"BM","CPG131"
"BM","CPG132"
"BM","CPG221"
"BM","CPG222"
"BM","CPM111"
"BM","CPS131"
"BM","CPS221"
"BM","CPS222"
"BM","CPS226"
"BM","CPS232"
"BM","CPS233"
"BM","CPS234"
"BM","CPS511"
"BM","CPS522"
"BM","CPS523"
"BM","CPS524"
"BM","CPS525"
"BM","CWC811"
"BM","CWC812"
"BM","CWF311"
"BM","CWF312"
"BM","CWF421"
"BM","CWF431"
"BM","CWF512"
"BM","CWF611"
"BM","CWF612"
"BM","CWG111"
"BM","CWG112"
"BM","CWG113"
"BM","CWG211"
"BM","CWS211"
"BM","CWS212"
"BM","CWS321"
"BM","CWS322"
"BM","CWS412"
"BM","CWS541"
"BM","CWS811"
"BM","CWS812"
"BM","CWS912"
"BM","HQM121"
"BM","HQM411"
"BM","HQS221"
"CA","43014"
"CA","43015"
"CA","43016"
"CA","43017"
"CA","43031"
"CA","43061"
"CA","43062"
"CA","43063"
"CA","43064"
"CA","43065"
"CA","43066"
"CA","43067"
"CA","43071"
"CA","43072"
"CA","43073"
"CA","43074"
"CA","43075"
"CA","43076"
"CA","43106"
"CA","43153"
"CA","43154"
"CA","43156"
"CA","43246"
"CA","43247"
"CA","43261"
"CA","43262"
"CA","43263"
"CA","43264"
"CA","43265"
"CA","43266"
"CA","43272"
"CA","43273"
"CA","43274"
"CA","43275"
"CA","43276"
"CA","43282"
"CA","43284"
"CA","43285"
"CA","43287"
"CA","43288"
"CA","43289"
"CA","43290"
"CA","43291"
"CA","43292"
"CA","43293"
"CA","43294"
"CA","43304"
"CA","43325"
"CA","43327"
"CA","43328"
"CA","43329"
"CA","43351"
"CA","43352"
"CA","43451"
"CA","43500"
"CA","43554"
"CA","43605"
"CA","43606"
"CA","43651"
"CA","43803"
"CA","43811"
"CA","43872"
"CA","43883"
"CA","43905"
"CA","43911"
"CA","43915"
"CA","43916"
"CA","43991"
"CA","43995"
"CA","CCOCCO00"
"CA","CCOCCO11"
"CA","CCOCCO12"
"CA","CCOCCO13"
"CA","CCOCCO14"
"CA","CCOCFW00"
"CA","CCOCFW11"
"CA","CCOCFW12"
"CA","CCOCFW13"
"CA","CCOCFW14"
"CA","CCOCFW15"
"CA","CCOCFW16"
"CA","CCOCFW17"
"CA","CCOCFW18"
"CA","CD000000"
"CA","CD0CCI00"
"CA","CD0CCI11"
"CA","CD0CPJ00"
"CA","CD0CPJ11"
"CA","CD0HAR00"
"CA","CD0HAR11"
"CA","CD0HBC00"
"CA","CD0HBC11"
"CA","CD0HBC12"
"CA","CD0HGC00"
"CA","CD0HGC11"
"CA","CD0HGC12"
"CA","CD0HGC13"
"CA","CD0HGC14"
"CA","CD0HGC15"
"CA","CD0HGC16"
"CA","CD0HGC17"
"CA","CD0HMA00"
"CA","CD0HMA11"
"CA","CD0HMA12"
"CA","CD0HMA13"
"CA","CD0HOB00"
"CA","CD0HOB11"
"CA","CD0HOB12"
"CA","CD0HOB13"
"CA","CD0HOL00"
"CA","CD0HOL11"
"CA","CD0HOL12"
"CA","CD0HOL13"
"CA","CD0HOO00"
"CA","CD0HOO11"
"CA","CD0HOO12"
"CA","CD0HT000"
"CA","CD0HT011"
"CA","CD0HT012"
"CA","CD0SM000"
"CA","CD0SM011"
"CA","CD0SOH00"
"CA","CD0SOH12"
"CA","CD0SOH13"
"CA","CPJ00000"
"CA","CPJCCI00"
"CA","CPJCCI11"
"CA","CPJCCI12"
"CA","CPJCCI13"
"CA","CPJCCI14"
"CA","CPJCFW11"
"CA","CPJCFW12"
"CA","CPJGFI00"
"CA","CPJGFI11"
"CA","CPJGFI12"
"CA","CPJSOD11"
"CA","CPL00000"
"CA","CPLSOH00"
"CA","CPLSOH11"
"CA","CPLSOH12"
"CA","CPLST000"
"CA","CPLST011"
"CA","CPS00000"
"CA","CPSCPL00"
"CA","CPSCPL11"
"CA","CPSCPL12"
"CA","CPSCPW00"
"CA","CPSCPW11"
"CA","CPSHGC00"
"CA","CPSHGC11"
"CA","CPW00000"
"CA","CPWCD000"
"CA","CPWCD011"
"CA","CPWCFW00"
"CA","CPWCFW11"
"CA","CPWCPL00"
"CA","CPWCPL11"
"CA","CPWCPS00"
"CA","CPWCPS11"
"CA","HT000000"
"CA","HT0CCI00"
"CA","HT0CCI11"
"CA","HT0CCO00"
"CA","HT0CCO11"
"CA","HT0CCO12"
"CA","HT0CCO13"
"CA","HT0CCO14"
"CA","HT0CCO15"
"CA","HT0CCO16"
"CA","HT0CCO17"
"CA","HT0CCO18"
"CA","HT0CCO19"
"CA","HT0HBC00"
"CA","HT0HBC11"
"CA","HT0HBC12"
"CA","HT0HGC00"
"CA","HT0HGC11"
"CA","HT0HGC12"
"CA","HT0HGC13"
"CA","HT0HGC14"
"CA","HT0HGC15"
"CA","HT0HGC16"
"CA","HT0HM000"
"CA","HT0HM011"
"CA","HT0HM012"
"CA","HT0HM013"
"CA","HT0HOB00"
"CA","HT0HOB11"
"CA","HT0HOL00"
"CA","HT0HOL11"
"CA","HT0HOL12"
"CA","HT0HOL13"
"CA","HT0HOL14"
"CA","HT0HOL15"
"CA","HT0HOL16"
"CA","HT0SD000"
"CA","HT0SD011"
"CA","HT0SD012"
"CA","HT0SEH12"
"CA","HT0SEH13"
"CA","HT0SM000"
"CA","HT0SM011"
"CA","HT0SOH00"
"CA","HT0SOH11"
"CA","HT0SSG12"
"CA","HT0SSG13"
"CA","HT0SEH00"
"CA","HT0SEH11"
"CA","HT0SSG00"
"CA","HT0SSG11"
"CA","CC0311"
"CA","CPJGBW11"
"CA","CPJGNG11"
"CA","CPJSAM11"
"CA","CPJSAM12"
"CA","CPJSBB11"
"CA","CPJSBB12"
"CA","CPJSBB13"
"CA","CPJSBB14"
"CA","CPJSBB15"
"CA","CPJSBB16"
"CA","CPJSBB17"
"CA","CPJSBB18"
"CA","CPJSBB19"
"CA","CPJSBB20"
"CA","CPJSBB21"
"CA","CPJSBB23"
"CA","CPJSMC11"
"CA","CPJSMC12"
"CA","CPJSMC13"
"CA","CPJSOH11"
"CA","CPJSSB11"
"CA","CPJSSS12"
"CA","CPJSSY11"
"CA","CPOSMP11"
"CA","CPOSSY11"
"CA","CPPSAM11"
"CA","CPPSAM12"
"CA","CPPSAM13"
"CA","CPPSAM14"
"CA","CPPSAM15"
"CA","CPPSAM16"
"CA","CPPSBB11"
"CA","CPPSBB12"
"CA","CPPSBB13"
"CA","CPPSBB14"
"CA","CPPSBB15"
"CA","CPPSBB16"
"CA","CPPSBB17"
"CA","CPPSBB18"
"CA","CPPSBB19"
"CA","CPPSBB20"
"CA","CPPSBB21"
"CA","CPPSBB22"
"CA","CPPSSB11"
"CA","DC0811"
"CA","DC0812"
"CA","DC0813"
"CA","DC0911"
"CA","DH0711"
"CA","PC0611"
"CA","QS0111"
"CA","WC0911"
"CA","WC0912"
"CA","WC0913"
"CA","WC0914"
"CA","WC0915"
"CA","WC0916"
"CA","WC0917"
"CA","CC0411"
"CA","DC1011"
"CA","DC1012"
"CA","DC1013"
"CA","DC1014"
"CA","DC1015"
"CA","DC1016"
"CA","DC1017"
"CA","DC1018"
"CA","DC1019"
"CA","DS0911"
"CA","PG0611"
"CA","PG0612"
"CA","PG0613"
"CA","PG0614"
"CA","PS0911"
"CA","WC1011"
"CA","WC1012"
"CA","WC1013"
"CA","CX000000"
"CA","CX0D0000"
"CA","CX0FBB11"
"CA","CX0FFS11"
"CA","CX0FRE11"
"CA","CX0FTP11"
"CA","CX0FWS11"
"CA","CX0GCR11"
"CA","CX0HAW11"
"CA","CX0HDP00"
"CA","CX0HDP13"
"CA","CX0HDP14"
"CA","CX0HMB12"
"CA","CX0HOL00"
"CA","CX0HOL15"
"CA","CX0HOL16"
"CA","CX0HOL17"
"CA","CX0HT000"
"CA","CX0HT012"
"CA","CX0HT013"
"CA","CX0HT011"
"CA","CX0HT014"
"CA","CX0M0000"
"CA","CX0R0000"
"CA","CX0SAM12"
"CA","CX0SE000"
"CA","CX0SE011"
"CA","CX0SE012"
"CA","CX0SE013"
"CA","CX0SE014"
"CA","CX0SHN12"
"CA","CX0SLS11"
"CA","CX0SMA11"
"CA","CX0SMA12"
"CA","CX0SMM00"
"CA","CX0SMM11"
"CA","CX0SMM12"
"CA","CX0SSS13"
"CA","CX0W0000"
"CA","CX0SDA11"
"CA","RS0511"
"CA","WC0413"
"CA","JC0111"
"CA","JC0112"
"CA","MC0211"
"CA","PS0811"
"CA","PS0812"
"CA","PS0813"
"CA","QC0211"
"CA","QC0212"
"CA","RC0011"
"CA","RC0331"
"CA","RC0421"
"CA","RC0511"
"CA","RC0512"
"CA","RC0513"
"CA","RC0611"
"CA","RC0612"
"CA","RC0613"
"CA","RF0411"
"CA","RF0412"
"CA","RS0114"
"CA","WC0711"
"CA","WC0712"
"CA","CD0SOH11"
"CA","CN00000"
"CA","CN00011"
"CA","CNF0111"
"CA","CNF0211"
"CA","CNF0311"
"CA","CNHB011"
"CA","CNHT011"
"CA","CPPSSS11"
"CA","HOD00000"
"CA","HODGA000"
"CA","HODGA011"
"CA","HODGA012"
"CA","HODGA013"
"CA","HODGA014"
"CA","HODGA015"
"CA","HODGA016"
"CA","HODGA017"
"CA","HODGA018"
"CA","HODGA019"
"CA","HODGA020"
"CA","HODGA021"
"CA","HODGA022"
"CA","HODHOI00"
"CA","HODHOI11"
"CA","SA000000"
"CA","SA0SB000"
"CA","SA0SBS00"
"CA","SA0SCC00"
"CA","SA0SCH00"
"CA","SA0SCT00"
"CA","SA0SCW00"
"CA","SA0SMB00"
"CA","SA0SME00"
"CA","SB0SSW00"
"CA","SBM00000"
"CA","SCH00000"
"CA","SMB00000"
"CA","SME00000"
"CA","SOC00000"
"CA","SOI00000"
"CA","SOISCL00"
"CA","SOISOC00"
"CA","SOISOS00"
"CA","SOS00000"
"CA","SOSSA000"
"CA","SOSSBM00"
"CA","SOSSCH00"
"CA","SOSSCL00"
"CA","SR000000"
"CA","SR0SA000"
"CA","SSC00000"
"CA","SSCSB000"
"CA","SSCSSB00"
"CA","CDC411"
"CA","CDC412"
"CA","CDC421"
"CA","CDC431"
"CA","CDC432"
"CA","CDC511"
"CA","CDC521"
"CA","CDF911"
"CA","CDH111"
"CA","CDH112"
"CA","CDH121"
"CA","CDH131"
"CA","CDH141"
"CA","CDH142"
"CA","CDH511"
"CA","CDS111"
"CA","CDS112"
"CA","CDS511"
"CA","CDS521"
"CA","CHC111"
"CA","CHC412"
"CA","CHC461"
"CA","CHC611"
"CA","CHH111"
"CA","CHH511"
"CA","CHS131"
"CA","CHS331"
"CA","CMF211"
"CA","CPC411"
"CA","CPC511"
"CA","CPG141"
"CA","CPH411"
"CA","CPS321"
"CA","CPS611"
"CA","CQF111"
"CA","CRF211"
"CA","CRF311"
"CA","CRH111"
"CA","CRS211"
"CA","CTH111"
"CA","CTH211"
"CA","CTS111"
"CA","CTS112"
"CA","CTS211"
"CA","CTS311"
"CA","CWC221"
"CA","CWC231"
"CA","CWC232"
"CA","CWC233"
"CA","CWC241"
"CA","CWC521"
"CA","CWC522"
"CA","CWC523"
"CA","CWC611"
"CA","CWC612"
"CA","CWC721"
"CA","CWC722"
"CA","CWC723"
"CA","CWC811"
"CA","CWC911"
"CA","CWF911"
"CA","CWH312"
"CA","CWH413"
"CA","CWH511"
"CA","CWH521"
"CA","CWH522"
"CA","CWH531"
"CA","CWS331"
"CA","CWS523"
"CA","HTC111"
"CA","HTC211"
"CA","HTC311"
"CA","HTC411"
"CA","HTC412"
"CA","HTH111"
"CA","HTH112"
"CA","HTH211"
"CA","HTH311"
"CA","HTS111"
"CA","HTS112"
"CA","HTS221"
"CA","HTS222"
"CA","HTS223"
"CA","HTS311"
"CA","HTS312"
"CA","HTS321"
"CA","HTS331"
"CA","HTS341"
"CA","HTS411"
"CA","HTS511"
"CI","010"
"CI","050"
"CI","051"
"CI","41010"
"CI","41010"
"CI","41010"
"CI","41045"
"CI","41050"
"CI","41050"
"CI","060"
"CI","41060"
"CI","41060"
"CI","41060"
"CI","070"
"CI","41070"
"CI","41070"
"CI","080"
"CI","41080"
"CI","41080"
"CI","41100"
"CI","41100"
"CI","41100"
"CI","41107"
"CI","41108"
"CI","41109"
"CI","41111"
"CI","41112"
"CI","41113"
"CI","41114"
"CI","41115"
"CI","41120"
"CI","41130"
"CI","41140"
"CI","41140"
"CI","41140"
"CI","41141"
"CI","41143"
"CI","41144"
"CI","41160"
"CI","41160"
"CI","41160"
"CI","41162"
"CI","41161"
"CI","41170"
"CI","41190"
"CI","41195"
"CI","41195"
"CI","41195"
"CI","200"
"CI","41200"
"CI","41200"
"CI","41200"
"CI","41210"
"CI","41210"
"CI","220"
"CI","41220"
"CI","41220"
"CI","221"
"CI","41221"
"CI","41221"
"CI","41222"
"CI","41250"
"CI","260"
"CI","266"
"CI","270"
"CI","41260"
"CI","41260"
"CI","41260"
"CI","41260"
"CI","41266"
"CI","41266"
"CI","41262"
"CI","41264"
"CI","265"
"CI","41265"
"CI","41265"
"CI","280"
"CI","41280"
"CI","41280"
"CI","281"
"CI","41290"
"CI","41290"
"CI","310"
"CI","41310"
"CI","41310"
"CI","313"
"CI","41313"
"CI","41313"
"CI","41315"
"CI","320"
"CI","41320"
"CI","41320"
"CI","41320"
"CI","323"
"CI","41323"
"CI","41323"
"CI","41324"
"CI","325"
"CI","41325"
"CI","41330"
"CI","41330"
"CI","41331"
"CI","41332"
"CI","41334"
"CI","41334"
"CI","340"
"CI","41340"
"CI","41340"
"CI","341"
"CI","41341"
"CI","41341"
"CI","343"
"CI","41343"
"CI","41343"
"CI","41344"
"CI","360"
"CI","41360"
"CI","41360"
"CI","41365"
"CI","41366"
"CI","370"
"CI","41370"
"CI","41370"
"CI","371"
"CI","41371"
"CI","41371"
"CI","372"
"CI","41372"
"CI","41372"
"CI","375"
"CI","41375"
"CI","41375"
"CI","41375"
"CI","41376"
"CI","380"
"CI","41380"
"CI","41380"
"CI","41380"
"CI","41380"
"CI","41382"
"CI","385"
"CI","41385"
"CI","41385"
"CI","41385"
"CI","41385"
"CI","390"
"CI","391"
"CI","41390"
"CI","41390"
"CI","41390"
"CI","41392"
"CI","41393"
"CI","395"
"CI","41395"
"CI","41395"
"CI","41395"
"CI","41395"
"CI","396"
"CI","41396"
"CI","41396"
"CI","41396"
"CI","41396"
"CI","397"
"CI","41397"
"CI","41397"
"CI","41397"
"CI","398"
"CI","399"
"CI","41398"
"CI","41398"
"CI","41398"
"CI","41399"
"CI","41399"
"CI","400"
"CI","415"
"CI","495"
"CI","41400"
"CI","41400"
"CI","41400"
"CI","41415"
"CI","41415"
"CI","43002"
"CI","43004"
"CI","43006"
"CI","410"
"CI","430"
"CI","470"
"CI","475"
"CI","485"
"CI","497"
"CI","41410"
"CI","41410"
"CI","41410"
"CI","41485"
"CI","41485"
"CI","41497"
"CI","41497"
"CI","43012"
"CI","440"
"CI","41440"
"CI","41440"
"CI","490"
"CI","41490"
"CI","41490"
"CI","493"
"CI","41493"
"CI","41493"
"CI","41500"
"CI","41505"
"CI","41510"
"CI","41511"
"CI","41515"
"CI","41520"
"CI","41525"
"CI","41526"
"CI","41527"
"CI","41580"
"CI","41800"
"CI","41800"
"CI","41861"
"CI","41861"
"CI","41861"
"CI","41862"
"CI","41863"
"CI","41863"
"CI","41863"
"CI","41864"
"CI","41865"
"CI","41865"
"CI","41865"
"CI","41866"
"CI","41867"
"CI","41868"
"CI","41869"
"CI","41871"
"CI","41872"
"CI","41873"
"CI","41585"
"CI","41590"
"CI","41591"
"CI","41592"
"CI","41593"
"CI","600"
"CI","601"
"CI","603"
"CI","707"
"CI","760"
"CI","761"
"CI","762"
"CI","41600"
"CI","41600"
"CI","41600"
"CI","41601"
"CI","41601"
"CI","41603"
"CI","41603"
"CI","41603"
"CI","41707"
"CI","41707"
"CI","41708"
"CI","41709"
"CI","41746"
"CI","41760"
"CI","41760"
"CI","41605"
"CI","41620"
"CI","41621"
"CI","41625"
"CI","635"
"CI","41635"
"CI","41635"
"CI","41635"
"CI","636"
"CI","41636"
"CI","41636"
"CI","41637"
"CI","41638"
"CI","41416"
"CI","41640"
"CI","41640"
"CI","41640"
"CI","41640"
"CI","645"
"CI","647"
"CI","41645"
"CI","41645"
"CI","41645"
"CI","41645"
"CI","650"
"CI","41650"
"CI","41650"
"CI","41650"
"CI","651"
"CI","41651"
"CI","41651"
"CI","41652"
"CI","654"
"CI","41654"
"CI","41654"
"CI","655"
"CI","41655"
"CI","41655"
"CI","660"
"CI","41660"
"CI","41660"
"CI","661"
"CI","41661"
"CI","41661"
"CI","41662"
"CI","663"
"CI","41663"
"CI","41663"
"CI","670"
"CI","41670"
"CI","41670"
"CI","671"
"CI","41671"
"CI","41671"
"CI","41672"
"CI","690"
"CI","41690"
"CI","41690"
"CI","691"
"CI","41691"
"CI","41691"
"CI","692"
"CI","41692"
"CI","41692"
"CI","41694"
"CI","607"
"CI","609"
"CI","705"
"CI","41705"
"CI","41705"
"CI","720"
"CI","722"
"CI","41720"
"CI","41720"
"CI","41720"
"CI","41720"
"CI","41747"
"CI","721"
"CI","41721"
"CI","41721"
"CI","723"
"CI","41723"
"CI","41723"
"CI","730"
"CI","41725"
"CI","41726"
"CI","41730"
"CI","41730"
"CI","41730"
"CI","731"
"CI","41731"
"CI","41731"
"CI","732"
"CI","41732"
"CI","41732"
"CI","41732"
"CI","734"
"CI","41734"
"CI","41734"
"CI","41740"
"CI","745"
"CI","41745"
"CI","41745"
"CI","41745"
"CI","41745"
"CI","750"
"CI","751"
"CI","752"
"CI","41750"
"CI","41750"
"CI","41750"
"CI","701"
"CI","780"
"CI","781"
"CI","782"
"CI","783"
"CI","784"
"CI","41780"
"CI","41780"
"CI","702"
"CI","703"
"CI","704"
"CI","790"
"CI","795"
"CI","41702"
"CI","41702"
"CI","41702"
"CI","41703"
"CI","41703"
"CI","41703"
"CI","41704"
"CI","41714"
"CI","41714"
"CI","41714"
"CI","41715"
"CI","41716"
"CI","41717"
"CI","41718"
"CI","41718"
"CI","41790"
"CI","41790"
"CI","41790"
"CI","41795"
"CI","41795"
"CI","791"
"CI","41791"
"CI","41791"
"CI","41793"
"CI","810"
"CI","811"
"CI","812"
"CI","41810"
"CI","41810"
"CI","41810"
"CI","41810"
"CI","41811"
"CI","41811"
"CI","41811"
"CI","41813"
"CI","41814"
"CI","41815"
"CI","41816"
"CI","830"
"CI","41830"
"CI","41830"
"CI","831"
"CI","41831"
"CI","41831"
"CI","41833"
"CI","41850"
"CI","870"
"CI","875"
"CI","880"
"CI","885"
"CI","886"
"CI","887"
"CI","891"
"CI","895"
"CI","896"
"CI","897"
"CI","41870"
"CI","900"
"CI","930"
"CI","945"
"CI","950"
"CI","960"
"CI","965"
"CI","970"
"CI","975"
"CI","41900"
"CI","41900"
"CI","41905"
"CI","41956"
"CI","41957"
"CI","41960"
"CI","41960"
"CI","41970"
"CI","935"
"CI","41920"
"CI","41920"
"CI","41920"
"CI","940"
"CI","41940"
"CI","41940"
"CI","41940"
"CI","955"
"CI","41915"
"CI","41955"
"CI","41955"
"CI","31"
"CI","35"
"CI","42"
"CI","43"
"CI","44"
"CI","51"
"CI","54"
"CI","55"
"CI","56"
"CI","59"
"CI","60"
"CI","62"
"CI","64"
"CI","65"
"CI","73"
"CI","77"
"CI","78"
"CI","90"
"CI","402"
"CI","451"
"CI","452"
"CI","453"
"CI","501"
"CI","502"
"CI","601"
"CI","602"
"CI","721"
"CI","722"
"CI","723"
"CI","990"
"CI","4605"
"CI","5600"
"CI","40215"
"CI","41305"
"CI","41305"
"CI","41367"
"CI","41406"
"CI","41407"
"CI","41407"
"CI","41407"
"CI","41408"
"CI","41409"
"CI","42000"
"CI","42001"
"CI","42002"
"CI","42003"
"CI","42004"
"CI","42005"
"CI","42006"
"CI","42007"
"CI","42008"
"CI","42009"
"CI","42010"
"CI","42011"
"CI","42012"
"CI","42020"
"CI","42021"
"CI","42022"
"CI","42023"
"CI","42040"
"CI","42041"
"CI","42042"
"CI","42043"
"CI","42044"
"CI","42045"
"CI","42046"
"CI","42047"
"CI","42048"
"CI","42049"
"CI","42050"
"CI","42051"
"CI","42052"
"CI","42053"
"CI","42054"
"CI","42055"
"CI","42056"
"CI","42080"
"CI","42081"
"CI","42082"
"CI","42083"
"CI","42084"
"CI","42085"
"CI","42086"
"CI","42087"
"CI","42088"
"CI","42089"
"CI","42100"
"CI","42101"
"CI","42102"
"CI","42103"
"CI","42104"
"CI","42105"
"CI","42106"
"CI","42107"
"CI","42108"
"CI","42109"
"CI","42110"
"CI","42111"
"CI","42200"
"CI","42201"
"CI","42202"
"CI","42203"
"CI","42204"
"CI","42300"
"CI","42301"
"CI","42302"
"CI","42303"
"CI","42304"
"CI","42400"
"CI","42401"
"CI","42402"
"CI","42403"
"CI","42500"
"CI","42600"
"CI","42700"
"CI","43000"
"CI","43001"
"CI","43001"
"CI","43003"
"CI","43005"
"CI","43007"
"CI","43008"
"CI","43009"
"CI","43010"
"CI","43010"
"CI","43011"
"CI","43013"
"CI","43041"
"CI","43042"
"CI","43043"
"CI","43043"
"CI","43043"
"CI","43044"
"CI","43045"
"CI","43046"
"CI","43046"
"CI","43046"
"CI","43081"
"CI","43082"
"CI","43101"
"CI","43101"
"CI","43102"
"CI","43103"
"CI","43103"
"CI","43104"
"CI","43104"
"CI","43105"
"CI","43115"
"CI","43151"
"CI","43151"
"CI","43152"
"CI","43152"
"CI","43155"
"CI","43155"
"CI","43201"
"CI","43202"
"CI","43202"
"CI","43203"
"CI","43203"
"CI","43203"
"CI","43204"
"CI","43204"
"CI","43204"
"CI","43205"
"CI","43205"
"CI","43205"
"CI","43206"
"CI","43206"
"CI","43206"
"CI","43207"
"CI","43207"
"CI","43207"
"CI","43208"
"CI","43209"
"CI","43210"
"CI","43221"
"CI","43222"
"CI","43222"
"CI","43222"
"CI","43223"
"CI","43223"
"CI","43223"
"CI","43224"
"CI","43224"
"CI","43224"
"CI","43225"
"CI","43226"
"CI","43227"
"CI","43228"
"CI","43228"
"CI","43241"
"CI","43242"
"CI","43242"
"CI","43242"
"CI","43243"
"CI","43243"
"CI","43244"
"CI","43245"
"CI","43271"
"CI","43281"
"CI","43283"
"CI","43286"
"CI","43301"
"CI","43301"
"CI","43301"
"CI","43302"
"CI","43302"
"CI","43302"
"CI","43303"
"CI","43305"
"CI","43306"
"CI","43306"
"CI","43306"
"CI","43307"
"CI","43308"
"CI","43308"
"CI","43308"
"CI","43321"
"CI","43322"
"CI","43323"
"CI","43324"
"CI","43326"
"CI","43353"
"CI","43353"
"CI","43353"
"CI","43354"
"CI","43400"
"CI","43551"
"CI","43551"
"CI","43551"
"CI","43552"
"CI","43553"
"CI","43553"
"CI","43553"
"CI","43601"
"CI","43602"
"CI","43603"
"CI","43604"
"CI","43604"
"CI","43604"
"CI","43652"
"CI","43653"
"CI","43801"
"CI","43801"
"CI","43801"
"CI","43802"
"CI","43804"
"CI","43805"
"CI","43805"
"CI","43806"
"CI","43807"
"CI","43807"
"CI","43808"
"CI","43808"
"CI","43808"
"CI","43809"
"CI","43809"
"CI","43809"
"CI","43810"
"CI","43812"
"CI","43812"
"CI","43812"
"CI","43813"
"CI","43813"
"CI","43815"
"CI","43821"
"CI","43821"
"CI","43831"
"CI","43831"
"CI","43831"
"CI","43851"
"CI","43861"
"CI","43871"
"CI","43871"
"CI","43871"
"CI","43881"
"CI","43882"
"CI","43882"
"CI","43882"
"CI","43901"
"CI","43907"
"CI","43921"
"CI","43921"
"CI","43925"
"CI","43931"
"CI","43931"
"CI","43931"
"CI","43932"
"CI","43941"
"CI","46000"
"CI","46001"
"CI","46002"
"CI","46003"
"CI","46011"
"CI","46021"
"CI","46031"
"CI","46041"
"CI","46042"
"CI","46043"
"CI","46051"
"CI","46051"
"CI","46051"
"CI","46061"
"CI","46100"
"CI","46101"
"CI","46111"
"CI","46112"
"CI","46113"
"CI","46113"
"CI","46114"
"CI","46114"
"CI","46131"
"CI","46131"
"CI","46132"
"CI","46133"
"CI","46133"
"CI","46151"
"CI","46152"
"CI","46153"
"CI","46154"
"CI","46155"
"CI","46156"
"CI","46157"
"CI","46158"
"CI","46159"
"CI","46171"
"CI","46172"
"CI","46173"
"CI","46174"
"CI","46175"
"CI","46191"
"CI","46192"
"CI","46200"
"CI","46201"
"CI","46201"
"CI","46202"
"CI","46300"
"CI","46301"
"CI","46301"
"CI","46632"
"CI","47000"
"CI","47001"
"CI","47002"
"CI","47011"
"CI","47012"
"CI","47021"
"CI","47021"
"CI","47025"
"CI","47025"
"CI","47120"
"CI","47126"
"CI","47145"
"CI","402041"
"CI","431151"
"CR","00101"
"CR","001010"
"CR","001011"
"CR","001012"
"CR","001013"
"CR","00102"
"CR","00103"
"CR","00104"
"CR","001040"
"CR","001041"
"CR","00105"
"CR","001050"
"CR","001052"
"CR","001053"
"CR","001054"
"CR","00109"
"CR","00110"
"CR","00111"
"CR","00112"
"CR","00113"
"CR","00114"
"CR","00115"
"CR","00116"
"CR","00117"
"CR","00118"
"CR","00201"
"CR","00203"
"CR","00301"
"CR","00302"
"CR","003020"
"CR","003021"
"CR","003022"
"CR","003023"
"CR","00303"
"CR","00304"
"CR","00305"
"CR","00306"
"CR","00307"
"CR","00308"
"CR","00309"
"CR","00310"
"CR","003100"
"CR","003101"
"CR","00311"
"CR","00313"
"CR","003130"
"CR","003131"
"CR","003132"
"CR","00315"
"CR","00316"
"CR","00318"
"CR","00319"
"CR","003190"
"CR","003191"
"CR","00320"
"CR","003200"
"CR","003201"
"CR","00321"
"CR","003210"
"CR","003211"
"CR","003212"
"CR","003213"
"CR","003216"
"CR","003217"
"CR","00322"
"CR","003220"
"CR","003221"
"CR","00323"
"CR","00324"
"CR","003240"
"CR","003241"
"CR","00325"
"CR","00326"
"CR","00327"
"CR","00328"
"CR","003280"
"CR","003281"
"CR","00329"
"CR","00330"
"CR","00401"
"CR","00402"
"CR","00403"
"CR","00405"
"CR","00406"
"CR","00407"
"CR","00408"
"CR","00409"
"CR","00413"
"CR","00414"
"CR","004140"
"CR","004141"
"CR","004142"
"CR","004145"
"CR","00415"
"CR","004150"
"CR","004151"
"CR","00416"
"CR","00417"
"CR","00418"
"CR","00501"
"CR","00502"
"CR","00503"
"CR","005030"
"CR","005031"
"CR","005032"
"CR","00601"
"CR","006010"
"CR","006011"
"CR","00602"
"CR","00603"
"CR","00604"
"CR","006040"
"CR","006043"
"CR","00605"
"CR","00606"
"CR","00607"
"CR","00608"
"CR","00609"
"CR","006090"
"CR","006091"
"CR","00610"
"CR","00611"
"CR","00612"
"CR","006120"
"CR","006121"
"CR","00701"
"CR","007010"
"CR","007011"
"CR","00702"
"CR","007020"
"CR","007021"
"CR","00703"
"CR","00704"
"CR","00705"
"CR","007050"
"CR","007051"
"CR","00706"
"CR","00801"
"CR","00802"
"CR","00803"
"CR","00804"
"CR","00805"
"CR","00901"
"CR","00903"
"CR","009030"
"CR","009031"
"CR","00905"
"CR","00907"
"CR","00908"
"CR","009080"
"CR","009081"
"CR","00909"
"CR","00910"
"CR","00911"
"CR","00912"
"CR","01001"
"CR","01002"
"CR","01003"
"CR","01004"
"CR","010040"
"CR","010041"
"CR","010042"
"CR","01005"
"CR","01006"
"CR","01007"
"CR","01008"
"CR","01009"
"CR","01010"
"CR","01101"
"CR","01102"
"CR","01103"
"CR","01104"
"CR","01105"
"CR","011050"
"CR","011051"
"CR","011052"
"CR","01106"
"CR","01107"
"CR","01108"
"CR","01109"
"CR","011090"
"CR","011091"
"CR","011092"
"CR","01110"
"CR","011100"
"CR","011101"
"CR","01111"
"CR","01112"
"CR","01113"
"CR","01115"
"CR","01117"
"CR","011170"
"CR","011171"
"CR","011172"
"CR","01118"
"CR","01119"
"CR","01120"
"CR","01121"
"CR","011210"
"CR","011211"
"CR","011214"
"CR","011215"
"CR","01122"
"CR","011220"
"CR","011221"
"CR","011222"
"CR","011224"
"CR","011225"
"CR","011226"
"CR","01123"
"CR","01124"
"CR","011240"
"CR","011242"
"CR","011243"
"CR","01125"
"CR","011250"
"CR","011251"
"CR","01126"
"CR","01127"
"CR","011270"
"CR","011272"
"CR","011273"
"CR","011274"
"CR","01128"
"CR","011280"
"CR","011281"
"CR","01129"
"CR","011290"
"CR","011291"
"CR","01131"
"CR","01132"
"CR","01140"
"CR","01150"
"CR","01151"
"CR","01201"
"CR","012010"
"CR","012011"
"CR","012012"
"CR","01202"
"CR","012020"
"CR","012021"
"CR","01203"
"CR","012030"
"CR","012032"
"CR","01204"
"CR","01205"
"CR","012050"
"CR","012052"
"CR","012053"
"CR","01206"
"CR","01207"
"CR","01208"
"CR","01209"
"CR","01210"
"CR","01211"
"CR","01212"
"CR","01213"
"CR","01214"
"CR","012140"
"CR","012141"
"CR","01215"
"CR","012150"
"CR","012151"
"CR","012153"
"CR","01216"
"CR","01217"
"CR","012170"
"CR","012171"
"CR","012172"
"CR","012173"
"CR","012174"
"CR","01218"
"CR","01219"
"CR","01220"
"CR","01221"
"CR","01222"
"CR","01223"
"CR","01233"
"CR","01241"
"CR","01702"
"CR","10202"
"CR","10203"
"CR","10301"
"CR","103010"
"CR","103011"
"CR","10302"
"CR","10303"
"CR","10304"
"CR","10305"
"CR","10306"
"CR","10401"
"CR","104010"
"CR","104011"
"CR","10402"
"CR","10403"
"CR","10404"
"CR","10405"
"CR","10501"
"CR","10502"
"CR","105020"
"CR","105021"
"CR","105022"
"CR","10503"
"CR","10504"
"CR","10505"
"CR","10507"
"CR","10508"
"CR","10510"
"CR","10511"
"CR","10512"
"CR","105120"
"CR","105121"
"CR","105123"
"CR","10513"
"CR","10514"
"CR","10515"
"CR","105150"
"CR","105151"
"CR","105152"
"CR","105153"
"CR","105154"
"CR","10516"
"CR","10517"
"CR","10518"
"CR","10519"
"CR","105190"
"CR","105191"
"CR","10520"
"CR","10521"
"CR","10522"
"CR","10523"
"CR","10601"
"CR","106010"
"CR","106011"
"CR","10603"
"CR","10701"
"CR","107010"
"CR","107011"
"CR","107020"
"CR","107021"
"CR","10801"
"CR","10901"
"CR","12051"
"CR","20101"
"CR","20102"
"CR","20103"
"CR","20201"
"CR","20202"
"CR","20203"
"CR","202030"
"CR","202031"
"CR","20204"
"CR","20205"
"CR","20206"
"CR","20301"
"CR","20302"
"CR","20303"
"CR","20304"
"CR","20306"
"CR","20307"
"CR","20401"
"CR","204010"
"CR","204011"
"CR","20402"
"CR","20403"
"CR","204030"
"CR","204031"
"CR","20404"
"CR","20405"
"CR","20406"
"CR","20407"
"CR","20408"
"CR","20409"
"CR","204090"
"CR","204091"
"CR","20410"
"CR","001010"
"CR","001011"
"CR","001012"
"CR","001013"
"CR","001020"
"CR","001021"
"CR","001022"
"CR","001030"
"CR","001040"
"CR","001041"
"CR","001042"
"CR","001050"
"CR","001051"
"CR","001052"
"CR","001053"
"CR","001054"
"CR","001060"
"CR","001070"
"CR","001080"
"CR","001081"
"CR","001090"
"CR","001100"
"CR","001110"
"CR","001111"
"CR","001120"
"CR","001130"
"CR","001140"
"CR","001141"
"CR","001150"
"CR","001160"
"CR","003"
"CR","003060"
"CR","003080"
"CR","003090"
"CR","003110"
"CR","003111"
"CR","003112"
"CR","003200"
"CR","003201"
"CR","003202"
"CR","003203"
"CR","003231"
"CR","003240"
"CR","003300"
"CR","003301"
"CR","003310"
"CR","003320"
"CR","003350"
"CR","003370"
"CR","004060"
"CR","004061"
"CR","004062"
"CR","00415"
"CR","004151"
"CR","004152"
"CR","004300"
"CR","004310"
"CR","004320"
"CR","004330"
"CR","004340"
"CR","00435"
"CR","004350"
"CR","004351"
"CR","004360"
"CR","006010"
"CR","00604"
"CR","006060"
"CR","006070"
"CR","006071"
"CR","006080"
"CR","006090"
"CR","006130"
"CR","011"
"CR","011030"
"CR","011031"
"CR","011032"
"CR","011033"
"CR","011034"
"CR","011035"
"CR","011090"
"CR","011091"
"CR","011092"
"CR","011093"
"CR","011130"
"CR","011210"
"CR","011211"
"CR","011212"
"CR","011213"
"CR","011214"
"CR","011215"
"CR","011216"
"CR","011220"
"CR","011320"
"CR","011330"
"CR","011340"
"CR","011341"
"CR","011350"
"CR","011360"
"CR","011361"
"CR","011370"
"CR","011380"
"CR","011390"
"CR","011391"
"CR","011392"
"CR","011400"
"CR","011410"
"CR","011411"
"CR","011420"
"CR","011430"
"CR","011440"
"CR","011460"
"CR","011470"
"CR","011500"
"CR","01203"
"CR","01213"
"CR","012140"
"CR","012141"
"CR","012142"
"CR","012143"
"CR","01231"
"CR","012320"
"CR","012330"
"CR","012331"
"CR","012332"
"CR","012333"
"CR","012340"
"CR","012341"
"CR","012350"
"CR","012360"
"CR","012361"
"CR","012362"
"CR","012380"
"CR","01239"
"CR","01241"
"CR","01242"
"CR","012430"
"CR","03101"
"CR","03102"
"CR","032010"
"CR","032030"
"CR","033010"
"CR","033020"
"CR","033030"
"CR","103"
"CR","104"
"CR","123"
"CR","130"
"CR","201010"
"CR","201011"
"CR","201020"
"CR","201040"
"CR","201331"
"CR","201332"
"CR","201333"
"CR","201340"
"CR","201350"
"CR","20140"
"CR","201400"
"CR","201410"
"CR","201420"
"CR","201430"
"CR","202020"
"CR","202320"
"CR","202321"
"CR","202330"
"CR","202331"
"CR","202500"
"CR","204010"
"CR","204011"
"CR","204012"
"CR","204021"
"CR","204022"
"CR","204023"
"CR","204024"
"CR","204031"
"CR","204032"
"CR","204033"
"CR","20404"
"CR","204050"
"CR","20406"
"CR","20410"
"CR","20411"
"CR","204300"
"CR","20431"
"CR","204320"
"CR","204321"
"CR","204330"
"CR","204350"
"CR","204360"
"CR","204370"
"CR","204400"
"CR","20441"
"CR","204500"
"CR","230030"
"CR","230040"
"CR","230041"
"CR","230042"
"CR","231010"
"CR","231020"
"CR","231021"
"CR","231030"
"CR","231040"
"CR","231050"
"CR","232020"
"CR","232030"
"CR","23204"
"CR","232050"
"CR","232060"
"CR","232070"
"CR","232330"
"CR","233010"
"CR","233020"
"CR","233021"
"CR","233022"
"CR","233030"
"CR","233040"
"CR","233041"
"CR","233042"
"CR","233050"
"CR","233330"
"CR","238040"
"CR","238300"
"CR","238310"
"CR","240300"
"CR","25000"
"CR","335"
"CR","610010"
"CR","610020"
"CR","620010"
"CR","620020"
"CR","620021"
"CR","620030"
"CR","620040"
"CR","630010"
"CR","630020"
"CR","630030"
"CR","630040"
"CR","630041"
"CR","630042"
"CR","630043"
"CR","630050"
"CR","650010"
"EC","CAG112"
"EC","CAS311"
"EC","CCF211"
"EC","CCF212"
"EC","CCF221"
"EC","CCF222"
"EC","CCS211"
"EC","CCS311"
"EC","CDF411"
"EC","CDG123"
"EC","CDG131"
"EC","CDG132"
"EC","CDG134"
"EC","CDG141"
"EC","CDG311"
"EC","CDG321"
"EC","CDG322"
"EC","CDG323"
"EC","CDS231"
"EC","CDS241"
"EC","CDS411"
"EC","CDS412"
"EC","CDS631"
"EC","CDS632"
"EC","CDS633"
"EC","CDS636"
"EC","CDS637"
"EC","CDS638"
"EC","CDS639"
"EC","CDS640"
"EC","CDS653"
"EC","CDS654"
"EC","CDS655"
"EC","CDS661"
"EC","CDS662"
"EC","CDS673"
"EC","CDS674"
"EC","CDS675"
"EC","CDS715"
"EC","CDS716"
"EC","CDS811"
"EC","CDS813"
"EC","CDS814"
"EC","CDS831"
"EC","CDS832"
"EC","CDS833"
"EC","CEF111"
"EC","CEF211"
"EC","CEF222"
"EC","CEF421"
"EC","CEF422"
"EC","CEF423"
"EC","CEF424"
"EC","CEG121"
"EC","CEG310"
"EC","CEG311"
"EC","CEM211"
"EC","CES111"
"EC","CES113"
"EC","CES210"
"EC","CES211"
"EC","CES213"
"EC","CES312"
"EC","CES313"
"EC","CES342"
"EC","CES412"
"EC","CES413"
"EC","CES422"
"EC","CES423"
"EC","CES424"
"EC","CES425"
"EC","CES426"
"EC","CFF162"
"EC","CFF254"
"EC","CFS232"
"EC","CFS233"
"EC","CFS234"
"EC","CFS542"
"EC","CFS553"
"EC","CFS556"
"EC","CFS558"
"EC","CFS621"
"EC","CHC311"
"EC","CHF223"
"EC","CHF311"
"EC","CHF312"
"EC","CHF313"
"EC","CHF422"
"EC","CHF521"
"EC","CHS142"
"EC","CHS143"
"EC","CHS144"
"EC","CHS225"
"EC","CHS226"
"EC","CHS227"
"EC","CHS411"
"EC","CHS711"
"EC","CLS521"
"EC","CMF131"
"EC","CMG221"
"EC","CMS121"
"EC","CMS122"
"EC","CMS256"
"EC","CMS257"
"EC","CMS258"
"EC","CMS259"
"EC","CMS354"
"EC","CMS355"
"EC","CMS356"
"EC","CPG141"
"EC","CPG231"
"EC","CPH211"
"EC","CPH212"
"EC","CPS241"
"EC","CWC511"
"EC","CWF321"
"EC","CWF444"
"EC","CWF521"
"EC","CWF522"
"EC","CWF523"
"EC","CWF524"
"EC","CWG121"
"EC","CWG122"
"EC","CWG123"
"EC","CWG124"
"EC","CWG125"
"EC","CWS214"
"EC","CWS221"
"EC","CWS222"
"EC","CWS223"
"EC","CWS224"
"EC","CWS225"
"EC","CWS226"
"EC","CWS331"
"EC","CWS332"
"EC","CWS335"
"EC","CWS336"
"EC","CWS337"
"EC","CWS338"
"EC","CWS421"
"EC","CWS422"
"EC","CWS531"
"EC","CWS532"
"EC","CWS533"
"EC","CWS534"
"EC","CWS535"
"EC","CWS536"
"EC","CWS537"
"EC","CWS551"
"EC","CWS552"
"EC","CWS553"
"EC","CWS554"
"EC","CWS821"
"EC","HQG111"
"EC","HQS211"
"EM","010"
"EM","010"
"EM","010"
"EM","010"
"EM","015"
"EM","016"
"EM","017"
"EM","018"
"EM","019"
"EM","020"
"EM","020"
"EM","020"
"EM","021"
"EM","039"
"EM","061"
"EM","065"
"EM","081"
"EM","084"
"EM","200"
"EM","500"
"EM","800"
"EM","47003"
"EM","47004"
"EM","47100"
"EM","47101"
"EM","47110"
"EM","47111"
"EM","47112"
"EM","47113"
"EM","47114"
"EM","47115"
"EM","47120"
"EM","47121"
"EM","47122"
"EM","47123"
"EM","47124"
"EM","47125"
"EM","47126"
"EM","47127"
"EM","47130"
"EM","47131"
"EM","47132"
"EM","47140"
"EM","47141"
"EM","47142"
"EM","47143"
"EM","47144"
"EM","47145"
"EM","47146"
"EM","100001"
"EM","100005"
"EM","100006"
"EM","100010"
"EM","100021"
"EM","100023"
"EM","100054"
"EM","100055"
"EM","070"
"EM","080"
"EM","049"
"EM","060"
"EM","071"
"EM","072"
"EM","073"
"EM","074"
"EM","087"
"EM","137"
"EM","143"
"EM","146"
"EM","151"
"EM","155"
"EM","156"
"EM","201"
"EM","213"
"EM","219"
"EM","46201"
"EM","46301"
"EM","46600"
"EM","46601"
"EM","46602"
"EM","46603"
"EM","46610"
"EM","46611"
"EM","46612"
"EM","46613"
"EM","46614"
"EM","46620"
"EM","46621"
"EM","46622"
"EM","46623"
"EM","46630"
"EM","46632"
"EM","46633"
"EM","46640"
"EM","46641"
"EM","46642"
"EM","46650"
"EM","46651"
"EM","46652"
"EM","100013"
"EM","100014"
"EM","100015"
"EM","100028"
"EM","100029"
"EM","100030"
"EM","100046"
"EM","100047"
"EM","100048"
"EM","100049"
"EM","100050"
"EM","100052"
"EM","100056"
"EM","078"
"EM","079"
"EM","100024"
"EM","100040"
"EM","000"
"EM","000"
"EM","040"
"EM","040"
"EM","090"
"EM","091"
"EM","1000"
"EM","1100"
"EM","1200"
"EM","1300"
"EM","1400"
"EM","2000"
"EM","2100"
"EM","050"
"EM","050"
"EM","092"
"EM","051"
"EM","051"
"EM","052"
"EM","052"
"EM","093"
"EM","094"
"EM","030"
"EM","030"
"EM","030"
"EM","031"
"EM","031"
"EM","031"
"EM","032"
"EM","033"
"EM","034"
"EM","035"
"EM","036"
"EM","037"
"EM","038"
"EM","050"
"EM","070"
"EM","070"
"EM","095"
"EM","151"
"EM","152"
"EM","100"
"EM","100"
"EM","100"
"EM","100"
"EM","100"
"EM","101"
"EM","102"
"EM","103"
"EM","104"
"EM","105"
"EM","106"
"EM","107"
"EM","108"
"EM","100032"
"EM","100033"
"EM","100034"
"EM","100035"
"EM","100037"
"EM","110"
"EM","110"
"EM","110"
"EM","120"
"EM","120"
"EM","130"
"EM","130"
"EM","130"
"EM","130"
"EM","140"
"EM","140"
"EM","140"
"EM","140"
"EM","141"
"EM","141"
"EM","141"
"EM","142"
"EM","142"
"EM","142"
"EM","160"
"EM","160"
"EM","160"
"EM","161"
"EM","161"
"EM","161"
"EM","162"
"EM","162"
"EM","162"
"EM","150"
"EM","150"
"EM","170"
"EM","170"
"EM","170"
"EM","170"
"EM","171"
"EM","171"
"EM","171"
"EM","172"
"EM","172"
"EM","172"
"EM","180"
"EM","180"
"EM","180"
"EM","301"
"EM","181"
"EM","181"
"EM","181"
"EM","182"
"EM","182"
"EM","182"
"EM","183"
"EM","190"
"EM","190"
"EM","190"
"EM","190"
"EM","200"
"EM","200"
"EM","200"
"EM","200"
"EM","205"
"EM","235"
"EM","240"
"EM","241"
"EM","242"
"EM","270"
"EM","271"
"EM","272"
"EM","300"
"EM","381"
"EM","390"
"EM","210"
"EM","210"
"EM","210"
"EM","210"
"EM","220"
"EM","220"
"EM","220"
"EM","220"
"EM","230"
"EM","230"
"EM","230"
"EM","250"
"EM","250"
"EM","250"
"EM","250"
"EM","351"
"EM","356"
"EM","357"
"EM","260"
"EM","260"
"EM","260"
"EM","260"
"EM","261"
"EM","261"
"EM","261"
"EM","261"
"EM","262"
"EM","262"
"EM","262"
"EM","263"
"EM","263"
"EM","263"
"EM","280"
"EM","280"
"EM","280"
"EM","280"
"EM","281"
"EM","281"
"EM","281"
"EM","282"
"EM","282"
"EM","282"
"EM","283"
"EM","283"
"EM","283"
"EM","290"
"EM","290"
"EM","290"
"EM","291"
"EM","291"
"EM","291"
"EM","292"
"EM","292"
"EM","292"
"EM","293"
"EM","293"
"EM","293"
"EM","310"
"EM","310"
"EM","310"
"EM","310"
"EM","311"
"EM","311"
"EM","311"
"EM","312"
"EM","312"
"EM","312"
"EM","313"
"EM","313"
"EM","313"
"EM","320"
"EM","320"
"EM","320"
"EM","320"
"EM","321"
"EM","321"
"EM","321"
"EM","322"
"EM","322"
"EM","322"
"EM","322"
"EM","323"
"EM","323"
"EM","323"
"EM","323"
"EM","324"
"EM","324"
"EM","324"
"EM","325"
"EM","330"
"EM","330"
"EM","330"
"EM","330"
"EM","340"
"EM","340"
"EM","340"
"EM","340"
"EM","350"
"EM","350"
"EM","350"
"EM","360"
"EM","360"
"EM","360"
"EM","365"
"EM","365"
"EM","365"
"EM","370"
"EM","370"
"EM","370"
"EM","380"
"EM","380"
"EM","380"
"EM","400"
"EM","400"
"EM","400"
"EM","475"
"EM","410"
"EM","410"
"EM","410"
"EM","420"
"EM","420"
"EM","420"
"EM","421"
"EM","421"
"EM","421"
"EM","422"
"EM","422"
"EM","422"
"EM","430"
"EM","430"
"EM","430"
"EM","440"
"EM","440"
"EM","440"
"EM","450"
"EM","450"
"EM","450"
"EM","460"
"EM","460"
"EM","460"
"EM","461"
"EM","461"
"EM","461"
"EM","462"
"EM","462"
"EM","462"
"EM","470"
"EM","470"
"EM","470"
"EM","471"
"EM","472"
"EM","480"
"EM","480"
"EM","480"
"EM","500"
"EM","500"
"EM","500"
"EM","500"
"EM","505"
"EM","505"
"EM","505"
"EM","506"
"EM","506"
"EM","506"
"EM","507"
"EM","507"
"EM","507"
"EM","508"
"EM","508"
"EM","508"
"EM","510"
"EM","510"
"EM","510"
"EM","510"
"EM","511"
"EM","511"
"EM","511"
"EM","512"
"EM","512"
"EM","512"
"EM","515"
"EM","515"
"EM","515"
"EM","516"
"EM","516"
"EM","516"
"EM","517"
"EM","517"
"EM","517"
"EM","518"
"EM","518"
"EM","518"
"EM","519"
"EM","519"
"EM","519"
"EM","520"
"EM","520"
"EM","520"
"EM","520"
"EM","521"
"EM","521"
"EM","521"
"EM","521"
"EM","522"
"EM","522"
"EM","522"
"EM","523"
"EM","523"
"EM","523"
"EM","523"
"EM","524"
"EM","524"
"EM","524"
"EM","525"
"EM","525"
"EM","525"
"EM","526"
"EM","526"
"EM","526"
"EM","529"
"EM","529"
"EM","529"
"EM","590"
"EM","590"
"EM","590"
"EM","590"
"EM","591"
"EM","591"
"EM","591"
"EM","591"
"EM","592"
"EM","592"
"EM","592"
"EM","592"
"EM","004"
"EM","600"
"EM","600"
"EM","600"
"EM","600"
"EM","607"
"EM","610"
"EM","610"
"EM","610"
"EM","620"
"EM","620"
"EM","620"
"EM","620"
"EM","621"
"EM","621"
"EM","621"
"EM","621"
"EM","622"
"EM","622"
"EM","622"
"EM","623"
"EM","623"
"EM","623"
"EM","624"
"EM","624"
"EM","624"
"EM","624"
"EM","625"
"EM","625"
"EM","625"
"EM","625"
"EM","630"
"EM","630"
"EM","630"
"EM","631"
"EM","632"
"EM","635"
"EM","635"
"EM","635"
"EM","636"
"EM","636"
"EM","636"
"EM","637"
"EM","637"
"EM","637"
"EM","640"
"EM","640"
"EM","640"
"EM","640"
"EM","650"
"EM","650"
"EM","650"
"EM","650"
"EM","650"
"EM","651"
"EM","651"
"EM","651"
"EM","651"
"EM","652"
"EM","652"
"EM","652"
"EM","653"
"EM","653"
"EM","653"
"EM","654"
"EM","654"
"EM","654"
"EM","654"
"EM","655"
"EM","655"
"EM","655"
"EM","660"
"EM","660"
"EM","660"
"EM","661"
"EM","661"
"EM","661"
"EM","662"
"EM","662"
"EM","662"
"EM","663"
"EM","663"
"EM","663"
"EM","670"
"EM","670"
"EM","670"
"EM","670"
"EM","671"
"EM","671"
"EM","671"
"EM","672"
"EM","672"
"EM","672"
"EM","673"
"EM","673"
"EM","673"
"EM","674"
"EM","674"
"EM","674"
"EM","675"
"EM","675"
"EM","675"
"EM","676"
"EM","676"
"EM","676"
"EM","677"
"EM","677"
"EM","677"
"EM","680"
"EM","680"
"EM","680"
"EM","680"
"EM","681"
"EM","681"
"EM","681"
"EM","682"
"EM","682"
"EM","682"
"EM","685"
"EM","685"
"EM","685"
"EM","686"
"EM","686"
"EM","686"
"EM","687"
"EM","687"
"EM","687"
"EM","690"
"EM","690"
"EM","690"
"EM","690"
"EM","691"
"EM","691"
"EM","691"
"EM","691"
"EM","692"
"EM","692"
"EM","692"
"EM","692"
"EM","693"
"EM","693"
"EM","693"
"EM","694"
"EM","694"
"EM","694"
"EM","700"
"EM","700"
"EM","700"
"EM","700"
"EM","701"
"EM","706"
"EM","710"
"EM","710"
"EM","710"
"EM","710"
"EM","711"
"EM","711"
"EM","711"
"EM","712"
"EM","712"
"EM","712"
"EM","713"
"EM","713"
"EM","713"
"EM","720"
"EM","720"
"EM","720"
"EM","720"
"EM","730"
"EM","730"
"EM","730"
"EM","730"
"EM","731"
"EM","731"
"EM","731"
"EM","732"
"EM","732"
"EM","732"
"EM","733"
"EM","733"
"EM","733"
"EM","740"
"EM","740"
"EM","740"
"EM","745"
"EM","750"
"EM","750"
"EM","750"
"EM","750"
"EM","770"
"EM","770"
"EM","770"
"EM","780"
"EM","780"
"EM","780"
"EM","790"
"EM","790"
"EM","790"
"EM","791"
"EM","791"
"EM","791"
"EM","792"
"EM","792"
"EM","792"
"EM","800"
"EM","800"
"EM","800"
"EM","800"
"EM","810"
"EM","810"
"EM","810"
"EM","820"
"EM","820"
"EM","820"
"EM","830"
"EM","830"
"EM","830"
"EM","830"
"EM","831"
"EM","831"
"EM","831"
"EM","832"
"EM","832"
"EM","832"
"EM","840"
"EM","840"
"EM","840"
"EM","840"
"EM","841"
"EM","841"
"EM","841"
"EM","842"
"EM","842"
"EM","842"
"EM","850"
"EM","850"
"EM","850"
"EM","850"
"EM","860"
"EM","860"
"EM","860"
"EM","860"
"EM","001"
"EM","005"
"EM","011"
"EM","013"
"EM","014"
"EM","870"
"EM","870"
"EM","870"
"EM","890"
"EM","890"
"EM","890"
"EM","900"
"EM","900"
"EM","900"
"EM","900"
"EM","960"
"EM","910"
"EM","910"
"EM","910"
"EM","920"
"EM","920"
"EM","920"
"EM","920"
"EM","925"
"EM","925"
"EM","925"
"EM","930"
"EM","930"
"EM","930"
"EM","940"
"EM","940"
"EM","940"
"EM","940"
"EM","950"
"EM","950"
"EM","950"
"EM","501"
"EM","501"
"EM","501"
"EM","501"
"EM","502"
"EM","502"
"EM","502"
"EM","502"
"EM","530"
"EM","530"
"EM","530"
"EM","530"
"EM","531"
"EM","531"
"EM","531"
"EM","531"
"EM","532"
"EM","532"
"EM","532"
"EM","533"
"EM","533"
"EM","533"
"EM","533"
"EM","534"
"EM","534"
"EM","534"
"EM","535"
"EM","535"
"EM","535"
"EM","540"
"EM","540"
"EM","540"
"EM","541"
"EM","541"
"EM","541"
"EM","542"
"EM","542"
"EM","542"
"EM","545"
"EM","545"
"EM","545"
"EM","546"
"EM","546"
"EM","546"
"EM","547"
"EM","547"
"EM","547"
"EM","548"
"EM","548"
"EM","548"
"EM","550"
"EM","550"
"EM","550"
"EM","550"
"EM","555"
"EM","555"
"EM","555"
"EM","560"
"EM","560"
"EM","560"
"EM","565"
"EM","565"
"EM","565"
"EM","570"
"EM","570"
"EM","570"
"EM","570"
"EM","571"
"EM","571"
"EM","571"
"EM","571"
"EM","572"
"EM","572"
"EM","572"
"EM","572"
"EM","573"
"EM","573"
"EM","573"
"EM","574"
"EM","574"
"EM","574"
"EM","575"
"EM","575"
"EM","575"
"EM","576"
"EM","576"
"EM","576"
"EM","577"
"EM","577"
"EM","577"
"EM","578"
"EM","578"
"EM","578"
"EM","579"
"EM","579"
"EM","579"
"EM","999"
"EM","5917"
"EM","5922"
"EM","999"
"IE","CCF221"
"IE","CCF222"
"IE","CCS311"
"IE","CDG131"
"IE","CDG311"
"IE","CDS632"
"IE","CDS633"
"IE","CDS637"
"IE","CDS715"
"IE","CDS716"
"IE","CDS813"
"IE","CDS814"
"IE","CEF111"
"IE","CEF211"
"IE","CEF421"
"IE","CEF422"
"IE","CEF423"
"IE","CEG311"
"IE","CEM211"
"IE","CES210"
"IE","CES211"
"IE","CES312"
"IE","CES313"
"IE","CES412"
"IE","CES422"
"IE","CHF311"
"IE","CHF312"
"IE","CHF422"
"IE","CHF521"
"IE","CHS711"
"IE","CLS521"
"IE","CWF411"
"IE","CWS214"
"IE","CWS421"
"IE","CWS422"
"IE","CWS821"
"IE","CCS211"
"IE","CHS411"
"IE","CAG112"
"IE","CDG123"
"LS","FDN12"
"LS","FDN22"
"LS","FDN32"
"LS","FDN33"
"LS","FDN43"
"LS","FDC12"
"LS","FDC23"
"LS","FDC24"
"LS","FDC25"
"LS","FDC34"
"LS","MHN35"
"LS","MHN44"
"LS","MHN45"
"LS","MHN46"
"LS","MHN47"
"LS","MHC26"
"LS","MHC36"
"LS","MHC37"
"LS","MHC47"
"LS","FFN57"
"LS","FFN67"
"LS","WFN53"
"LS","WFN55"
"LS","WFN64"
"LS","WFS57"
"LS","WFW54"
"LS","FPN62"
"LS","FPN63"
"LS","FPN71"
"LS","FPN72"
"LS","FPN73"
"LS","FPN81"
"LS","FPN82"
"LS","FPS63"
"LS","FPW63"
"LS","APN80"
"LS","APN81"
"LS","APN90"
"LS","APN91"
"LS","CTN11"
"LS","CTN12"
"LS","CTN24"
"LS","CTN32"
"LS","CTN42"
"LS","CTU22"
"LS","RON12"
"LS","RON23"
"LS","LKI32"
"LS","LKI43"
"LS","LKI54"
"LS","LKU32"
"LS","LKU43"
"LS","RVX32"
"LS","RVX43"
"LS","RVX54"
"LS","OPN81"
"LS","OPN91"
"LS","OPN92"
"LS","OPN93"
"LS","WMN82"
"LS","MRN83"
"LS","MRN93"
"LS","MRU94"
"NC","43014"
"NC","43015"
"NC","43016"
"NC","43017"
"NC","43031"
"NC","43061"
"NC","43062"
"NC","43063"
"NC","43064"
"NC","43065"
"NC","43066"
"NC","43067"
"NC","43071"
"NC","43072"
"NC","43073"
"NC","43074"
"NC","43075"
"NC","43076"
"NC","43106"
"NC","43153"
"NC","43154"
"NC","43156"
"NC","43246"
"NC","43247"
"NC","43261"
"NC","43262"
"NC","43263"
"NC","43264"
"NC","43265"
"NC","43266"
"NC","43272"
"NC","43273"
"NC","43274"
"NC","43275"
"NC","43276"
"NC","43282"
"NC","43284"
"NC","43285"
"NC","43287"
"NC","43288"
"NC","43289"
"NC","43290"
"NC","43291"
"NC","43292"
"NC","43293"
"NC","43294"
"NC","43304"
"NC","43325"
"NC","43327"
"NC","43328"
"NC","43329"
"NC","43351"
"NC","43352"
"NC","43451"
"NC","43500"
"NC","43554"
"NC","43605"
"NC","43606"
"NC","43651"
"NC","43803"
"NC","43811"
"NC","43872"
"NC","43883"
"NC","43905"
"NC","43911"
"NC","43915"
"NC","43916"
"NC","43991"
"NC","43995"
"NC","CCOCCO00"
"NC","CCOCCO11"
"NC","CCOCCO12"
"NC","CCOCCO13"
"NC","CCOCCO14"
"NC","CCOCFW00"
"NC","CCOCFW11"
"NC","CCOCFW12"
"NC","CCOCFW13"
"NC","CCOCFW14"
"NC","CCOCFW15"
"NC","CCOCFW16"
"NC","CCOCFW17"
"NC","CCOCFW18"
"NC","CD000000"
"NC","CD0CCI00"
"NC","CD0CCI11"
"NC","CD0CPJ00"
"NC","CD0CPJ11"
"NC","CD0HAR00"
"NC","CD0HAR11"
"NC","CD0HBC00"
"NC","CD0HBC11"
"NC","CD0HBC12"
"NC","CD0HGC00"
"NC","CD0HGC11"
"NC","CD0HGC12"
"NC","CD0HGC13"
"NC","CD0HGC14"
"NC","CD0HGC15"
"NC","CD0HGC16"
"NC","CD0HGC17"
"NC","CD0HMA00"
"NC","CD0HMA11"
"NC","CD0HMA12"
"NC","CD0HMA13"
"NC","CD0HOB00"
"NC","CD0HOB11"
"NC","CD0HOB12"
"NC","CD0HOB13"
"NC","CD0HOL00"
"NC","CD0HOL11"
"NC","CD0HOL12"
"NC","CD0HOL13"
"NC","CD0HOO00"
"NC","CD0HOO11"
"NC","CD0HOO12"
"NC","CD0HT000"
"NC","CD0HT011"
"NC","CD0HT012"
"NC","CD0SM000"
"NC","CD0SM011"
"NC","CD0SOH00"
"NC","CD0SOH12"
"NC","CD0SOH13"
"NC","CPJ00000"
"NC","CPJCCI00"
"NC","CPJCCI11"
"NC","CPJCCI12"
"NC","CPJCCI13"
"NC","CPJCCI14"
"NC","CPJCFW11"
"NC","CPJCFW12"
"NC","CPJGFI00"
"NC","CPJGFI11"
"NC","CPJGFI12"
"NC","CPJSOD11"
"NC","CPL00000"
"NC","CPLSOH00"
"NC","CPLSOH11"
"NC","CPLSOH12"
"NC","CPLST000"
"NC","CPLST011"
"NC","CPS00000"
"NC","CPSCPL00"
"NC","CPSCPL11"
"NC","CPSCPL12"
"NC","CPSCPW00"
"NC","CPSCPW11"
"NC","CPSHGC00"
"NC","CPSHGC11"
"NC","CPW00000"
"NC","CPWCD000"
"NC","CPWCD011"
"NC","CPWCFW00"
"NC","CPWCFW11"
"NC","CPWCPL00"
"NC","CPWCPL11"
"NC","CPWCPS00"
"NC","CPWCPS11"
"NC","HT000000"
"NC","HT0CCI00"
"NC","HT0CCI11"
"NC","HT0CCO00"
"NC","HT0CCO11"
"NC","HT0CCO12"
"NC","HT0CCO13"
"NC","HT0CCO14"
"NC","HT0CCO15"
"NC","HT0CCO16"
"NC","HT0CCO17"
"NC","HT0CCO18"
"NC","HT0CCO19"
"NC","HT0HBC00"
"NC","HT0HBC11"
"NC","HT0HBC12"
"NC","HT0HGC00"
"NC","HT0HGC11"
"NC","HT0HGC12"
"NC","HT0HGC13"
"NC","HT0HGC14"
"NC","HT0HGC15"
"NC","HT0HGC16"
"NC","HT0HM000"
"NC","HT0HM011"
"NC","HT0HM012"
"NC","HT0HM013"
"NC","HT0HOB00"
"NC","HT0HOB11"
"NC","HT0HOL00"
"NC","HT0HOL11"
"NC","HT0HOL12"
"NC","HT0HOL13"
"NC","HT0HOL14"
"NC","HT0HOL15"
"NC","HT0HOL16"
"NC","HT0SD000"
"NC","HT0SD011"
"NC","HT0SD012"
"NC","HT0SEH12"
"NC","HT0SEH13"
"NC","HT0SM000"
"NC","HT0SM011"
"NC","HT0SOH00"
"NC","HT0SOH11"
"NC","HT0SSG12"
"NC","HT0SSG13"
"NC","HT0SEH00"
"NC","HT0SEH11"
"NC","HT0SSG00"
"NC","HT0SSG11"
"NC","CC0311"
"NC","CPJGBW11"
"NC","CPJGNG11"
"NC","CPJSAM11"
"NC","CPJSAM12"
"NC","CPJSBB11"
"NC","CPJSBB12"
"NC","CPJSBB13"
"NC","CPJSBB14"
"NC","CPJSBB15"
"NC","CPJSBB16"
"NC","CPJSBB17"
"NC","CPJSBB18"
"NC","CPJSBB19"
"NC","CPJSBB20"
"NC","CPJSBB21"
"NC","CPJSBB23"
"NC","CPJSMC11"
"NC","CPJSMC12"
"NC","CPJSMC13"
"NC","CPJSOH11"
"NC","CPJSSB11"
"NC","CPJSSS12"
"NC","CPJSSY11"
"NC","CPOSMP11"
"NC","CPOSSY11"
"NC","CPPSAM11"
"NC","CPPSAM12"
"NC","CPPSAM13"
"NC","CPPSAM14"
"NC","CPPSAM15"
"NC","CPPSAM16"
"NC","CPPSBB11"
"NC","CPPSBB12"
"NC","CPPSBB13"
"NC","CPPSBB14"
"NC","CPPSBB15"
"NC","CPPSBB16"
"NC","CPPSBB17"
"NC","CPPSBB18"
"NC","CPPSBB19"
"NC","CPPSBB20"
"NC","CPPSBB21"
"NC","CPPSBB22"
"NC","CPPSSB11"
"NC","DC0811"
"NC","DC0812"
"NC","DC0813"
"NC","DC0911"
"NC","DH0711"
"NC","PC0611"
"NC","QS0111"
"NC","WC0911"
"NC","WC0912"
"NC","WC0913"
"NC","WC0914"
"NC","WC0915"
"NC","WC0916"
"NC","WC0917"
"NC","CC0411"
"NC","DC1011"
"NC","DC1012"
"NC","DC1013"
"NC","DC1014"
"NC","DC1015"
"NC","DC1016"
"NC","DC1017"
"NC","DC1018"
"NC","DC1019"
"NC","DS0911"
"NC","PG0611"
"NC","PG0612"
"NC","PG0613"
"NC","PG0614"
"NC","PS0911"
"NC","WC1011"
"NC","WC1012"
"NC","WC1013"
"NC","CX000000"
"NC","CX0D0000"
"NC","CX0FBB11"
"NC","CX0FFS11"
"NC","CX0FRE11"
"NC","CX0FTP11"
"NC","CX0FWS11"
"NC","CX0GCR11"
"NC","CX0HAW11"
"NC","CX0HDP00"
"NC","CX0HDP13"
"NC","CX0HDP14"
"NC","CX0HMB12"
"NC","CX0HOL00"
"NC","CX0HOL15"
"NC","CX0HOL16"
"NC","CX0HOL17"
"NC","CX0HT000"
"NC","CX0HT012"
"NC","CX0HT013"
"NC","CX0HT011"
"NC","CX0HT014"
"NC","CX0M0000"
"NC","CX0R0000"
"NC","CX0SAM12"
"NC","CX0SE000"
"NC","CX0SE011"
"NC","CX0SE012"
"NC","CX0SE013"
"NC","CX0SE014"
"NC","CX0SHN12"
"NC","CX0SLS11"
"NC","CX0SMA11"
"NC","CX0SMA12"
"NC","CX0SMM00"
"NC","CX0SMM11"
"NC","CX0SMM12"
"NC","CX0SSS13"
"NC","CX0W0000"
"NC","CX0SDA11"
"NC","RS0511"
"NC","WC0413"
"NC","JC0111"
"NC","JC0112"
"NC","MC0211"
"NC","PS0811"
"NC","PS0812"
"NC","PS0813"
"NC","QC0211"
"NC","QC0212"
"NC","RC0011"
"NC","RC0331"
"NC","RC0421"
"NC","RC0511"
"NC","RC0512"
"NC","RC0513"
"NC","RC0611"
"NC","RC0612"
"NC","RC0613"
"NC","RF0411"
"NC","RF0412"
"NC","RS0114"
"NC","WC0711"
"NC","WC0712"
"NC","CD0SOH11"
"NC","CN00000"
"NC","CN00011"
"NC","CNF0111"
"NC","CNF0211"
"NC","CNF0311"
"NC","CNHB011"
"NC","CNHT011"
"NC","CPPSSS11"
"NC","HOD00000"
"NC","HODGA000"
"NC","HODGA011"
"NC","HODGA012"
"NC","HODGA013"
"NC","HODGA014"
"NC","HODGA015"
"NC","HODGA016"
"NC","HODGA017"
"NC","HODGA018"
"NC","HODGA019"
"NC","HODGA020"
"NC","HODGA021"
"NC","HODGA022"
"NC","HODHOI00"
"NC","HODHOI11"
"NC","SA000000"
"NC","SA0SB000"
"NC","SA0SBS00"
"NC","SA0SCC00"
"NC","SA0SCH00"
"NC","SA0SCT00"
"NC","SA0SCW00"
"NC","SA0SMB00"
"NC","SA0SME00"
"NC","SB0SSW00"
"NC","SBM00000"
"NC","SCH00000"
"NC","SMB00000"
"NC","SME00000"
"NC","SOC00000"
"NC","SOI00000"
"NC","SOISCL00"
"NC","SOISOC00"
"NC","SOISOS00"
"NC","SOS00000"
"NC","SOSSA000"
"NC","SOSSBM00"
"NC","SOSSCH00"
"NC","SOSSCL00"
"NC","SR000000"
"NC","SR0SA000"
"NC","SSC00000"
"NC","SSCSB000"
"NC","SSCSSB00"
"NC","CDC411"
"NC","CDC412"
"NC","CDC421"
"NC","CDC431"
"NC","CDC432"
"NC","CDC511"
"NC","CDC521"
"NC","CDF911"
"NC","CDH111"
"NC","CDH112"
"NC","CDH121"
"NC","CDH131"
"NC","CDH141"
"NC","CDH142"
"NC","CDH511"
"NC","CDS111"
"NC","CDS112"
"NC","CDS511"
"NC","CDS521"
"NC","CHC111"
"NC","CHC412"
"NC","CHC461"
"NC","CHC611"
"NC","CHH111"
"NC","CHH511"
"NC","CHS131"
"NC","CHS331"
"NC","CMF211"
"NC","CPC411"
"NC","CPC511"
"NC","CPG141"
"NC","CPH411"
"NC","CPS321"
"NC","CPS611"
"NC","CQF111"
"NC","CRF211"
"NC","CRF311"
"NC","CRH111"
"NC","CRS211"
"NC","CTH111"
"NC","CTH211"
"NC","CTS111"
"NC","CTS112"
"NC","CTS211"
"NC","CTS311"
"NC","CWC221"
"NC","CWC231"
"NC","CWC232"
"NC","CWC233"
"NC","CWC241"
"NC","CWC521"
"NC","CWC522"
"NC","CWC523"
"NC","CWC611"
"NC","CWC612"
"NC","CWC721"
"NC","CWC722"
"NC","CWC723"
"NC","CWC811"
"NC","CWC911"
"NC","CWF911"
"NC","CWH312"
"NC","CWH413"
"NC","CWH511"
"NC","CWH521"
"NC","CWH522"
"NC","CWH531"
"NC","CWS331"
"NC","CWS523"
"NC","HTC111"
"NC","HTC211"
"NC","HTC311"
"NC","HTC411"
"NC","HTC412"
"NC","HTH111"
"NC","HTH112"
"NC","HTH211"
"NC","HTH311"
"NC","HTS111"
"NC","HTS112"
"NC","HTS221"
"NC","HTS222"
"NC","HTS223"
"NC","HTS311"
"NC","HTS312"
"NC","HTS321"
"NC","HTS331"
"NC","HTS341"
"NC","HTS411"
"NC","HTS511"
"PN","CDS221"
"PN","CDS255"
"PN","CDS651"
"PN","CEF321"
"PN","CES212"
"PN","CES321"
"PN","CES621"
"PN","CFF111"
"PN","CFF211"
"PN","CFF311"
"PN","CFF611"
"PN","CFF612"
"PN","CFF911"
"PN","CFS156"
"PN","CFS211"
"PN","CFS212"
"PN","CFS213"
"PN","CFS214"
"PN","CFS215"
"PN","CFS217"
"PN","CFS218"
"PN","CFS219"
"PN","CFS311"
"PN","CFS611"
"PN","CFS612"
"PN","CHF112"
"PN","CHF121"
"PN","CHF122"
"PN","CHF131"
"PN","CHF132"
"PN","CHF211"
"PN","CHF511"
"PN","CHF911"
"PN","CHM111"
"PN","CHS121"
"PN","CHS122"
"PN","CHS123"
"PN","CHS131"
"PN","CHS132"
"PN","CHS133"
"PN","CHS134"
"PN","CHS136"
"PN","CHS137"
"PN","CHS138"
"PN","CHS139"
"PN","CHS221"
"PN","CHS222"
"PN","CHS321"
"PN","CHS322"
"PN","CHS323"
"PN","CHS324"
"PN","CHS331"
"PN","CHS332"
"PN","CHS333"
"PN","CHS334"
"PN","CHS335"
"PN","CHS421"
"PN","CHS422"
"PN","CHS423"
"PN","CHS512"
"PN","CHS521"
"PN","CHS610"
"PN","CHS621"
"PN","CHS622"
"PN","CHS623"
"PN","CHS624"
"PN","CMS242"
"PN","CSF111"
"PN","CSF121"
"PN","CSF321"
"PN","CSS221"
"PN","CSS321"
"PN","CSS521"
"PN","CSS522"
"PN","CSS621"
"SO","43014"
"SO","43015"
"SO","43016"
"SO","43017"
"SO","43031"
"SO","43061"
"SO","43062"
"SO","43063"
"SO","43064"
"SO","43065"
"SO","43066"
"SO","43067"
"SO","43071"
"SO","43072"
"SO","43073"
"SO","43074"
"SO","43075"
"SO","43076"
"SO","43106"
"SO","43153"
"SO","43154"
"SO","43156"
"SO","43246"
"SO","43247"
"SO","43261"
"SO","43262"
"SO","43263"
"SO","43264"
"SO","43265"
"SO","43266"
"SO","43272"
"SO","43273"
"SO","43274"
"SO","43275"
"SO","43276"
"SO","43282"
"SO","43284"
"SO","43285"
"SO","43287"
"SO","43288"
"SO","43289"
"SO","43290"
"SO","43291"
"SO","43292"
"SO","43293"
"SO","43294"
"SO","43304"
"SO","43325"
"SO","43327"
"SO","43328"
"SO","43329"
"SO","43351"
"SO","43352"
"SO","43451"
"SO","43500"
"SO","43554"
"SO","43605"
"SO","43606"
"SO","43651"
"SO","43803"
"SO","43811"
"SO","43872"
"SO","43883"
"SO","43905"
"SO","43911"
"SO","43915"
"SO","43916"
"SO","43991"
"SO","43995"
"SO","CCOCCO00"
"SO","CCOCCO11"
"SO","CCOCCO12"
"SO","CCOCCO13"
"SO","CCOCCO14"
"SO","CCOCFW00"
"SO","CCOCFW11"
"SO","CCOCFW12"
"SO","CCOCFW13"
"SO","CCOCFW14"
"SO","CCOCFW15"
"SO","CCOCFW16"
"SO","CCOCFW17"
"SO","CCOCFW18"
"SO","CD000000"
"SO","CD0CCI00"
"SO","CD0CCI11"
"SO","CD0CPJ00"
"SO","CD0CPJ11"
"SO","CD0HAR00"
"SO","CD0HAR11"
"SO","CD0HBC00"
"SO","CD0HBC11"
"SO","CD0HBC12"
"SO","CD0HGC00"
"SO","CD0HGC11"
"SO","CD0HGC12"
"SO","CD0HGC13"
"SO","CD0HGC14"
"SO","CD0HGC15"
"SO","CD0HGC16"
"SO","CD0HGC17"
"SO","CD0HMA00"
"SO","CD0HMA11"
"SO","CD0HMA12"
"SO","CD0HMA13"
"SO","CD0HOB00"
"SO","CD0HOB11"
"SO","CD0HOB12"
"SO","CD0HOB13"
"SO","CD0HOL00"
"SO","CD0HOL11"
"SO","CD0HOL12"
"SO","CD0HOL13"
"SO","CD0HOO00"
"SO","CD0HOO11"
"SO","CD0HOO12"
"SO","CD0HT000"
"SO","CD0HT011"
"SO","CD0HT012"
"SO","CD0SM000"
"SO","CD0SM011"
"SO","CD0SOH00"
"SO","CD0SOH12"
"SO","CD0SOH13"
"SO","CPJ00000"
"SO","CPJCCI00"
"SO","CPJCCI11"
"SO","CPJCCI12"
"SO","CPJCCI13"
"SO","CPJCCI14"
"SO","CPJCFW11"
"SO","CPJCFW12"
"SO","CPJGFI00"
"SO","CPJGFI11"
"SO","CPJGFI12"
"SO","CPJSOD11"
"SO","CPL00000"
"SO","CPLSOH00"
"SO","CPLSOH11"
"SO","CPLSOH12"
"SO","CPLST000"
"SO","CPLST011"
"SO","CPS00000"
"SO","CPSCPL00"
"SO","CPSCPL11"
"SO","CPSCPL12"
"SO","CPSCPW00"
"SO","CPSCPW11"
"SO","CPSHGC00"
"SO","CPSHGC11"
"SO","CPW00000"
"SO","CPWCD000"
"SO","CPWCD011"
"SO","CPWCFW00"
"SO","CPWCFW11"
"SO","CPWCPL00"
"SO","CPWCPL11"
"SO","CPWCPS00"
"SO","CPWCPS11"
"SO","HT000000"
"SO","HT0CCI00"
"SO","HT0CCI11"
"SO","HT0CCO00"
"SO","HT0CCO11"
"SO","HT0CCO12"
"SO","HT0CCO13"
"SO","HT0CCO14"
"SO","HT0CCO15"
"SO","HT0CCO16"
"SO","HT0CCO17"
"SO","HT0CCO18"
"SO","HT0CCO19"
"SO","HT0HBC00"
"SO","HT0HBC11"
"SO","HT0HBC12"
"SO","HT0HGC00"
"SO","HT0HGC11"
"SO","HT0HGC12"
"SO","HT0HGC13"
"SO","HT0HGC14"
"SO","HT0HGC15"
"SO","HT0HGC16"
"SO","HT0HM000"
"SO","HT0HM011"
"SO","HT0HM012"
"SO","HT0HM013"
"SO","HT0HOB00"
"SO","HT0HOB11"
"SO","HT0HOL00"
"SO","HT0HOL11"
"SO","HT0HOL12"
"SO","HT0HOL13"
"SO","HT0HOL14"
"SO","HT0HOL15"
"SO","HT0HOL16"
"SO","HT0SD000"
"SO","HT0SD011"
"SO","HT0SD012"
"SO","HT0SEH12"
"SO","HT0SEH13"
"SO","HT0SM000"
"SO","HT0SM011"
"SO","HT0SOH00"
"SO","HT0SOH11"
"SO","HT0SSG12"
"SO","HT0SSG13"
"SO","HT0SEH00"
"SO","HT0SEH11"
"SO","HT0SSG00"
"SO","HT0SSG11"
"SO","CC0311"
"SO","CPJGBW11"
"SO","CPJGNG11"
"SO","CPJSAM11"
"SO","CPJSAM12"
"SO","CPJSBB11"
"SO","CPJSBB12"
"SO","CPJSBB13"
"SO","CPJSBB14"
"SO","CPJSBB15"
"SO","CPJSBB16"
"SO","CPJSBB17"
"SO","CPJSBB18"
"SO","CPJSBB19"
"SO","CPJSBB20"
"SO","CPJSBB21"
"SO","CPJSBB23"
"SO","CPJSMC11"
"SO","CPJSMC12"
"SO","CPJSMC13"
"SO","CPJSOH11"
"SO","CPJSSB11"
"SO","CPJSSS12"
"SO","CPJSSY11"
"SO","CPOSMP11"
"SO","CPOSSY11"
"SO","CPPSAM11"
"SO","CPPSAM12"
"SO","CPPSAM13"
"SO","CPPSAM14"
"SO","CPPSAM15"
"SO","CPPSAM16"
"SO","CPPSBB11"
"SO","CPPSBB12"
"SO","CPPSBB13"
"SO","CPPSBB14"
"SO","CPPSBB15"
"SO","CPPSBB16"
"SO","CPPSBB17"
"SO","CPPSBB18"
"SO","CPPSBB19"
"SO","CPPSBB20"
"SO","CPPSBB21"
"SO","CPPSBB22"
"SO","CPPSSB11"
"SO","DC0811"
"SO","DC0812"
"SO","DC0813"
"SO","DC0911"
"SO","DH0711"
"SO","PC0611"
"SO","QS0111"
"SO","WC0911"
"SO","WC0912"
"SO","WC0913"
"SO","WC0914"
"SO","WC0915"
"SO","WC0916"
"SO","WC0917"
"SO","CC0411"
"SO","DC1011"
"SO","DC1012"
"SO","DC1013"
"SO","DC1014"
"SO","DC1015"
"SO","DC1016"
"SO","DC1017"
"SO","DC1018"
"SO","DC1019"
"SO","DS0911"
"SO","PG0611"
"SO","PG0612"
"SO","PG0613"
"SO","PG0614"
"SO","PS0911"
"SO","WC1011"
"SO","WC1012"
"SO","WC1013"
"SO","CX000000"
"SO","CX0D0000"
"SO","CX0FBB11"
"SO","CX0FFS11"
"SO","CX0FRE11"
"SO","CX0FTP11"
"SO","CX0FWS11"
"SO","CX0GCR11"
"SO","CX0HAW11"
"SO","CX0HDP00"
"SO","CX0HDP13"
"SO","CX0HDP14"
"SO","CX0HMB12"
"SO","CX0HOL00"
"SO","CX0HOL15"
"SO","CX0HOL16"
"SO","CX0HOL17"
"SO","CX0HT000"
"SO","CX0HT012"
"SO","CX0HT013"
"SO","CX0HT011"
"SO","CX0HT014"
"SO","CX0M0000"
"SO","CX0R0000"
"SO","CX0SAM12"
"SO","CX0SE000"
"SO","CX0SE011"
"SO","CX0SE012"
"SO","CX0SE013"
"SO","CX0SE014"
"SO","CX0SHN12"
"SO","CX0SLS11"
"SO","CX0SMA11"
"SO","CX0SMA12"
"SO","CX0SMM00"
"SO","CX0SMM11"
"SO","CX0SMM12"
"SO","CX0SSS13"
"SO","CX0W0000"
"SO","CX0SDA11"
"SO","RS0511"
"SO","WC0413"
"SO","JC0111"
"SO","JC0112"
"SO","MC0211"
"SO","PS0811"
"SO","PS0812"
"SO","PS0813"
"SO","QC0211"
"SO","QC0212"
"SO","RC0011"
"SO","RC0331"
"SO","RC0421"
"SO","RC0511"
"SO","RC0512"
"SO","RC0513"
"SO","RC0611"
"SO","RC0612"
"SO","RC0613"
"SO","RF0411"
"SO","RF0412"
"SO","RS0114"
"SO","WC0711"
"SO","WC0712"
"SO","CD0SOH11"
"SO","CN00000"
"SO","CN00011"
"SO","CNF0111"
"SO","CNF0211"
"SO","CNF0311"
"SO","CNHB011"
"SO","CNHT011"
"SO","CPPSSS11"
"SO","HOD00000"
"SO","HODGA000"
"SO","HODGA011"
"SO","HODGA012"
"SO","HODGA013"
"SO","HODGA014"
"SO","HODGA015"
"SO","HODGA016"
"SO","HODGA017"
"SO","HODGA018"
"SO","HODGA019"
"SO","HODGA020"
"SO","HODGA021"
"SO","HODGA022"
"SO","HODHOI00"
"SO","HODHOI11"
"SO","SA000000"
"SO","SA0SB000"
"SO","SA0SBS00"
"SO","SA0SCC00"
"SO","SA0SCH00"
"SO","SA0SCT00"
"SO","SA0SCW00"
"SO","SA0SMB00"
"SO","SA0SME00"
"SO","SB0SSW00"
"SO","SBM00000"
"SO","SCH00000"
"SO","SMB00000"
"SO","SME00000"
"SO","SOC00000"
"SO","SOI00000"
"SO","SOISCL00"
"SO","SOISOC00"
"SO","SOISOS00"
"SO","SOS00000"
"SO","SOSSA000"
"SO","SOSSBM00"
"SO","SOSSCH00"
"SO","SOSSCL00"
"SO","SR000000"
"SO","SR0SA000"
"SO","SSC00000"
"SO","SSCSB000"
"SO","SSCSSB00"
"SO","CDS612"
"SO","CDS613"
"SO","CDS614"
"SO","CEM111"
"SO","CEM221"
"SO","CEM222"
"SO","CEM311"
"SO","CEM312"
"SO","CLC111"
"SO","CLC112"
"SO","CLF111"
"SO","CLG311"
"SO","CLG313"
"SO","CLG314"
"SO","CLG315"
"SO","CLG411"
"SO","CLG412"
"SO","CLG413"
"SO","CLG415"
"SO","CLH111"
"SO","CLM111"
"SO","CLM112"
"SO","CLM113"
"SO","CLM114"
"SO","CLM211"
"SO","CLM311"
"SO","CLM312"
"SO","CLM313"
"SO","CLM314"
"SO","CLM411"
"SO","CLM911"
"SO","CLS112"
"SO","CLS211"
"SO","CLS212"
"SO","CLS213"
"SO","CLS214"
"SO","CLS215"
"SO","CLS216"
"SO","CLS311"
"SO","CLS412"
"SO","CLS413"
"SO","CLS414"
"SO","CLS911"
"SO","CMS111"
"SO","CPC211"
"SO","CPF111"
"SO","CPG212"
"SO","CPH311"
"SO","CPS111"
"SO","CPS112"
"SO","CPS121"
"SO","CPS211"
"SO","CPS212"
"SO","CPS213"
"SO","CPS214"
"SO","CPS215"
"SO","CPS216"
"SO","CPS217"
"SO","CPS218"
"SO","CPS311"
"SO","CPS312"
"SO","CPS314"
"SO","CPS511"
"SO","CRG111"
"SO","CRS111"
"SO","CRS112"
"SO","CRS311"
"SO","CWC111"
"SO","CWC211"
"SO","CWC212"
"SO","CWC213"
"SO","CWC215"
"SO","CWC311"
"SO","CWC411"
"SO","CWC412"
"SO","CWC911"
"SO","CWF431"
"SO","CWH111"
"SO","CWH112"
"SO","CWH211"
"SO","CWM111"
"SO","CWS112"
"SO","CWS113"
"SO","CWS114"
"SO","CWS115"
"SO","CWS116"
"SO","CWS117"
"SO","CWS312"
"SO","CWS313"
"SO","HQM121"
"SO","HQM411"
"SO","HQS221"
"TT","050"
"TT","060"
"TT","070"
"TT","080"
"TT","090"
"TT","100"
"TT","120"
"TT","130"
"TT","140"
"TT","150"
"TT","160"
"TT","161"
"TT","162"
"TT","170"
"TT","190"
"TT","195"
"TT","41045"
"TT","41115"
"TT","41141"
"TT","41143"
"TT","41144"
"TT","41376"
"TT","41406"
"TT","41416"
"TT","41708"
"TT","41709"
"TT","41715"
"TT","41716"
"TT","41717"
"TT","41725"
"TT","41726"
"TT","41813"
"TT","41814"
"TT","41815"
"TT","41862"
"TT","41864"
"TT","41915"
"TT","41956"
"TT","41957"
"TT","41970"
"TT","41107"
"TT","41108"
"TT","41109"
"TT","41111"
"TT","41112"
"TT","41113"
"TT","41114"
"TT","41365"
"TT","41366"
"TT","41367"
"TT","41382"
"TT","41408"
"TT","41409"
"TT","41746"
"TT","41747"
"TT","41816"
"TT","41866"
"TT","41867"
"TT","41868"
"TT","41869"
"TT","41871"
"TT","41872"
"TT","41873"
"TT","42001"
"TT","42002"
"TT","42003"
"TT","42004"
"TT","42005"
"TT","42006"
"TT","42007"
"TT","42008"
"TT","42009"
"TT","42010"
"TT","42011"
"TT","42012"
"TT","42040"
"TT","42041"
"TT","42042"
"TT","42043"
"TT","42044"
"TT","42045"
"TT","42046"
"TT","42047"
"TT","42048"
"TT","42049"
"TT","42050"
"TT","42051"
"TT","42052"
"TT","42053"
"TT","42054"
"TT","42055"
"TT","42056"
"TT","42080"
"TT","42081"
"TT","42082"
"TT","42083"
"TT","42084"
"TT","42085"
"TT","42086"
"TT","42087"
"TT","42088"
"TT","42089"
"TT","42101"
"TT","42102"
"TT","42103"
"TT","42104"
"TT","42105"
"TT","42106"
"TT","42107"
"TT","42108"
"TT","42109"
"TT","42110"
"TT","42111"
"TT","42201"
"TT","42202"
"TT","42203"
"TT","42204"
"TT","42301"
"TT","42302"
"TT","42303"
"TT","42304"
"TT","42401"
"TT","42402"
"TT","42403"
"TT","42500"
"TT","42600"
"TT","42700"
"TT","43002"
"TT","43004"
"TT","43006"
"TT","43012"
"TT","43105"
"TT","43202"
"TT","43208"
"TT","43225"
"TT","43227"
"TT","43241"
"TT","43271"
"TT","43283"
"TT","43303"
"TT","43305"
"TT","43307"
"TT","43321"
"TT","43354"
"TT","43400"
"TT","43552"
"TT","43602"
"TT","43813"
"TT","43881"
"TT","43941"
"TT","43003"
"TT","43005"
"TT","43007"
"TT","43008"
"TT","43009"
"TT","43011"
"TT","43013"
"TT","43041"
"TT","43042"
"TT","43044"
"TT","43045"
"TT","43081"
"TT","43082"
"TT","43102"
"TT","43201"
"TT","43209"
"TT","43210"
"TT","43221"
"TT","43226"
"TT","43244"
"TT","43245"
"TT","43281"
"TT","43286"
"TT","43322"
"TT","43323"
"TT","43324"
"TT","43326"
"TT","43601"
"TT","43603"
"TT","43802"
"TT","43804"
"TT","43806"
"TT","43810"
"TT","43851"
"TT","43861"
"TT","43901"
"TT","43925"
"TT","46001"
"TT","46002"
"TT","46003"
"TT","46011"
"TT","46021"
"TT","46031"
"TT","46041"
"TT","46042"
"TT","46043"
"TT","46051"
"TT","46061"
"TT","46101"
"TT","46111"
"TT","46112"
"TT","46113"
"TT","46114"
"TT","46131"
"TT","46132"
"TT","46133"
"TT","46151"
"TT","46152"
"TT","46153"
"TT","46154"
"TT","46155"
"TT","46156"
"TT","46157"
"TT","46158"
"TT","46159"
"TT","46171"
"TT","46172"
"TT","46173"
"TT","46174"
"TT","46191"
"TT","46192"
"TT","46201"
"TT","46301"
"TT","47001"
"TT","47011"
"TT","47012"
"TT","47021"
"TT","47025"
"TT","47002"
"TT","47003"
"TT","47004"
"TT","43001"
"TT","43010"
"TT","43043"
"TT","43046"
"TT","43101"
"TT","43103"
"TT","43104"
"TT","43151"
"TT","43152"
"TT","43155"
"TT","43203"
"TT","43204"
"TT","43205"
"TT","43206"
"TT","43207"
"TT","43222"
"TT","43223"
"TT","43224"
"TT","43228"
"TT","43242"
"TT","43243"
"TT","43301"
"TT","43302"
"TT","43306"
"TT","43308"
"TT","43353"
"TT","43551"
"TT","43553"
"TT","43604"
"TT","43801"
"TT","43805"
"TT","43807"
"TT","43808"
"TT","43809"
"TT","43812"
"TT","43821"
"TT","43822"
"TT","43831"
"TT","43871"
"TT","43882"
"TT","43921"
"TT","43931"
"TT","41050"
"TT","41060"
"TT","41070"
"TT","41080"
"TT","41140"
"TT","41160"
"TT","41195"
"TT","41220"
"TT","41221"
"TT","41260"
"TT","41265"
"TT","41266"
"TT","41280"
"TT","41310"
"TT","41313"
"TT","41320"
"TT","41323"
"TT","41340"
"TT","41341"
"TT","41343"
"TT","41360"
"TT","41370"
"TT","41371"
"TT","41372"
"TT","41375"
"TT","41380"
"TT","41385"
"TT","41390"
"TT","41395"
"TT","41396"
"TT","41397"
"TT","41398"
"TT","41399"
"TT","41407"
"TT","41410"
"TT","41415"
"TT","41440"
"TT","41485"
"TT","41490"
"TT","41493"
"TT","41497"
"TT","41601"
"TT","41603"
"TT","41635"
"TT","41636"
"TT","41640"
"TT","41645"
"TT","41650"
"TT","41651"
"TT","41654"
"TT","41655"
"TT","41660"
"TT","41661"
"TT","41663"
"TT","41670"
"TT","41671"
"TT","41690"
"TT","41691"
"TT","41692"
"TT","41702"
"TT","41703"
"TT","41705"
"TT","41706"
"TT","41707"
"TT","41714"
"TT","41720"
"TT","41721"
"TT","41723"
"TT","41730"
"TT","41731"
"TT","41732"
"TT","41734"
"TT","41745"
"TT","41750"
"TT","41760"
"TT","41780"
"TT","41790"
"TT","41791"
"TT","41795"
"TT","41810"
"TT","41811"
"TT","41830"
"TT","41831"
"TT","41861"
"TT","41863"
"TT","41865"
"TT","41920"
"TT","41940"
"TT","41955"
"TT","41960"
"UT","050"
"UT","060"
"UT","070"
"UT","080"
"UT","090"
"UT","100"
"UT","120"
"UT","130"
"UT","140"
"UT","150"
"UT","160"
"UT","161"
"UT","162"
"UT","170"
"UT","190"
"UT","195"
"UT","41045"
"UT","41115"
"UT","41141"
"UT","41143"
"UT","41144"
"UT","41376"
"UT","41406"
"UT","41416"
"UT","41708"
"UT","41709"
"UT","41715"
"UT","41716"
"UT","41717"
"UT","41725"
"UT","41726"
"UT","41813"
"UT","41814"
"UT","41815"
"UT","41862"
"UT","41864"
"UT","41915"
"UT","41956"
"UT","41957"
"UT","41970"
"UT","41107"
"UT","41108"
"UT","41109"
"UT","41111"
"UT","41112"
"UT","41113"
"UT","41114"
"UT","41365"
"UT","41366"
"UT","41367"
"UT","41382"
"UT","41408"
"UT","41409"
"UT","41746"
"UT","41747"
"UT","41816"
"UT","41866"
"UT","41867"
"UT","41868"
"UT","41869"
"UT","41871"
"UT","41872"
"UT","41873"
"UT","42001"
"UT","42002"
"UT","42003"
"UT","42004"
"UT","42005"
"UT","42006"
"UT","42007"
"UT","42008"
"UT","42009"
"UT","42010"
"UT","42011"
"UT","42012"
"UT","42040"
"UT","42041"
"UT","42042"
"UT","42043"
"UT","42044"
"UT","42045"
"UT","42046"
"UT","42047"
"UT","42048"
"UT","42049"
"UT","42050"
"UT","42051"
"UT","42052"
"UT","42053"
"UT","42054"
"UT","42055"
"UT","42056"
"UT","42080"
"UT","42081"
"UT","42082"
"UT","42083"
"UT","42084"
"UT","42085"
"UT","42086"
"UT","42087"
"UT","42088"
"UT","42089"
"UT","42101"
"UT","42102"
"UT","42103"
"UT","42104"
"UT","42105"
"UT","42106"
"UT","42107"
"UT","42108"
"UT","42109"
"UT","42110"
"UT","42111"
"UT","42201"
"UT","42202"
"UT","42203"
"UT","42204"
"UT","42301"
"UT","42302"
"UT","42303"
"UT","42304"
"UT","42401"
"UT","42402"
"UT","42403"
"UT","42500"
"UT","42600"
"UT","42700"
"UT","43002"
"UT","43004"
"UT","43006"
"UT","43012"
"UT","43105"
"UT","43202"
"UT","43208"
"UT","43225"
"UT","43227"
"UT","43241"
"UT","43271"
"UT","43283"
"UT","43303"
"UT","43305"
"UT","43307"
"UT","43321"
"UT","43354"
"UT","43400"
"UT","43552"
"UT","43602"
"UT","43813"
"UT","43881"
"UT","43941"
"UT","43003"
"UT","43005"
"UT","43007"
"UT","43008"
"UT","43009"
"UT","43011"
"UT","43013"
"UT","43041"
"UT","43042"
"UT","43044"
"UT","43045"
"UT","43081"
"UT","43082"
"UT","43102"
"UT","43201"
"UT","43209"
"UT","43210"
"UT","43221"
"UT","43226"
"UT","43244"
"UT","43245"
"UT","43281"
"UT","43286"
"UT","43322"
"UT","43323"
"UT","43324"
"UT","43326"
"UT","43601"
"UT","43603"
"UT","43802"
"UT","43804"
"UT","43806"
"UT","43810"
"UT","43851"
"UT","43861"
"UT","43901"
"UT","43925"
"UT","46001"
"UT","46002"
"UT","46003"
"UT","46011"
"UT","46021"
"UT","46031"
"UT","46041"
"UT","46042"
"UT","46043"
"UT","46051"
"UT","46061"
"UT","46101"
"UT","46111"
"UT","46112"
"UT","46113"
"UT","46114"
"UT","46131"
"UT","46132"
"UT","46133"
"UT","46151"
"UT","46152"
"UT","46153"
"UT","46154"
"UT","46155"
"UT","46156"
"UT","46157"
"UT","46158"
"UT","46159"
"UT","46171"
"UT","46172"
"UT","46173"
"UT","46174"
"UT","46191"
"UT","46192"
"UT","46201"
"UT","46301"
"UT","47001"
"UT","47011"
"UT","47012"
"UT","47021"
"UT","47025"
"UT","47002"
"UT","47003"
"UT","47004"
"UT","43001"
"UT","43010"
"UT","43043"
"UT","43046"
"UT","43101"
"UT","43103"
"UT","43104"
"UT","43151"
"UT","43152"
"UT","43155"
"UT","43203"
"UT","43204"
"UT","43205"
"UT","43206"
"UT","43207"
"UT","43222"
"UT","43223"
"UT","43224"
"UT","43228"
"UT","43242"
"UT","43243"
"UT","43301"
"UT","43302"
"UT","43306"
"UT","43308"
"UT","43353"
"UT","43551"
"UT","43553"
"UT","43604"
"UT","43801"
"UT","43805"
"UT","43807"
"UT","43808"
"UT","43809"
"UT","43812"
"UT","43821"
"UT","43822"
"UT","43831"
"UT","43871"
"UT","43882"
"UT","43921"
"UT","43931"
"UT","41050"
"UT","41060"
"UT","41070"
"UT","41080"
"UT","41140"
"UT","41160"
"UT","41195"
"UT","41220"
"UT","41221"
"UT","41260"
"UT","41265"
"UT","41266"
"UT","41280"
"UT","41310"
"UT","41313"
"UT","41320"
"UT","41323"
"UT","41340"
"UT","41341"
"UT","41343"
"UT","41360"
"UT","41370"
"UT","41371"
"UT","41372"
"UT","41375"
"UT","41380"
"UT","41385"
"UT","41390"
"UT","41395"
"UT","41396"
"UT","41397"
"UT","41398"
"UT","41399"
"UT","41407"
"UT","41410"
"UT","41415"
"UT","41440"
"UT","41485"
"UT","41490"
"UT","41493"
"UT","41497"
"UT","41601"
"UT","41603"
"UT","41635"
"UT","41636"
"UT","41640"
"UT","41645"
"UT","41650"
"UT","41651"
"UT","41654"
"UT","41655"
"UT","41660"
"UT","41661"
"UT","41663"
"UT","41670"
"UT","41671"
"UT","41690"
"UT","41691"
"UT","41692"
"UT","41702"
"UT","41703"
"UT","41705"
"UT","41706"
"UT","41707"
"UT","41714"
"UT","41720"
"UT","41721"
"UT","41723"
"UT","41730"
"UT","41731"
"UT","41732"
"UT","41734"
"UT","41745"
"UT","41750"
"UT","41760"
"UT","41780"
"UT","41790"
"UT","41791"
"UT","41795"
"UT","41810"
"UT","41811"
"UT","41830"
"UT","41831"
"UT","41861"
"UT","41863"
"UT","41865"
"UT","41920"
"UT","41940"
"UT","41955"
"UT","41960"
"WC","CAF211"
"WC","CAF311"
"WC","CAG211"
"WC","CAG311"
"WC","CAG312"
"WC","CAS211"
"WC","CAS411"
"WC","CDC711"
"WC","CDC712"
"WC","CDC713"
"WC","CDS211"
"WC","CDS212"
"WC","CDS213"
"WC","CDS641"
"WC","CFC251"
"WC","CFC311"
"WC","CFF152"
"WC","CFF153"
"WC","CFF154"
"WC","CFF250"
"WC","CFF253"
"WC","CFF312"
"WC","CFF450"
"WC","CFM111"
"WC","CFS110"
"WC","CFS151"
"WC","CFS152"
"WC","CFS154"
"WC","CFS216"
"WC","CFS221"
"WC","CFS222"
"WC","CFS223"
"WC","CFS224"
"WC","CFS225"
"WC","CFS226"
"WC","CFS229"
"WC","CFS230"
"WC","CFS231"
"WC","CFS251"
"WC","CFS252"
"WC","CFS253"
"WC","CFS254"
"WC","CFS255"
"WC","CFS256"
"WC","CFS257"
"WC","CFS258"
"WC","CFS259"
"WC","CFS260"
"WC","CFS351"
"WC","CFS352"
"WC","CFS550"
"WC","CFS551"
"WC","CFS552"
"WC","CFS554"
"WC","CFS555"
"WC","CFS651"
"WC","CFS652"
"WC","CFS653"
"WC","CFS654"
"WC","CHC212"
"WC","CHC213"
"WC","CHF111"
"WC","CHF123"
"WC","CHF124"
"WC","CHF125"
"WC","CHF133"
"WC","CHF134"
"WC","CHF135"
"WC","CHF151"
"WC","CHF221"
"WC","CHF222"
"WC","CHF250"
"WC","CHF321"
"WC","CHF421"
"WC","CHM121"
"WC","CHS111"
"WC","CHS113"
"WC","CHS114"
"WC","CHS124"
"WC","CHS125"
"WC","CHS126"
"WC","CHS127"
"WC","CHS128"
"WC","CHS129"
"WC","CHS130"
"WC","CHS135"
"WC","CHS140"
"WC","CHS141"
"WC","CHS223"
"WC","CHS224"
"WC","CHS251"
"WC","CHS325"
"WC","CHS326"
"WC","CHS327"
"WC","CHS328"
"WC","CHS351"
"WC","CHS352"
"WC","CHS353"
"WC","CHS354"
"WC","CHS355"
"WC","CHS511"
"WC","CHS513"
"WC","CHS522"
"WC","CHS523"
"WC","CHS524"
"WC","CHS611"
"WC","CHS612"
"WC","CHS613"
"WC","CHS614"
"WC","CHS615"
"WC","CHS625"
"WC","CHS626"
"WC","CMF250"
"WC","CMF251"
"WC","CMS114"
"WC","CMS210"
"WC","CMS216"
"WC","CMS218"
"WC","CMS221"
"WC","CMS223"
"WC","CMS241"
"WC","CMS244"
"WC","CMS245"
"WC","CMS246"
"WC","CMS250"
"WC","CMS251"
"WC","CMS252"
"WC","CMS253"
"WC","CMS254"
"WC","CMS255"
"WC","CMS350"
"WC","CMS351"
"WC","CMS352"
"WC","CMS353"
"WC","CMS450"
"WC","CMS612"
"WC","CWF211"
"WC","CWS521"
"WC","CWS522"
"WS","43014"
"WS","43015"
"WS","43016"
"WS","43017"
"WS","43031"
"WS","43061"
"WS","43062"
"WS","43063"
"WS","43064"
"WS","43065"
"WS","43066"
"WS","43067"
"WS","43071"
"WS","43072"
"WS","43073"
"WS","43074"
"WS","43075"
"WS","43076"
"WS","43106"
"WS","43153"
"WS","43154"
"WS","43156"
"WS","43246"
"WS","43247"
"WS","43261"
"WS","43262"
"WS","43263"
"WS","43264"
"WS","43265"
"WS","43266"
"WS","43272"
"WS","43273"
"WS","43274"
"WS","43275"
"WS","43276"
"WS","43282"
"WS","43284"
"WS","43285"
"WS","43287"
"WS","43288"
"WS","43289"
"WS","43290"
"WS","43291"
"WS","43292"
"WS","43293"
"WS","43294"
"WS","43304"
"WS","43325"
"WS","43327"
"WS","43328"
"WS","43329"
"WS","43351"
"WS","43352"
"WS","43451"
"WS","43500"
"WS","43554"
"WS","43605"
"WS","43606"
"WS","43651"
"WS","43803"
"WS","43811"
"WS","43872"
"WS","43883"
"WS","43905"
"WS","43911"
"WS","43915"
"WS","43916"
"WS","43991"
"WS","43995"
"WS","CCOCCO00"
"WS","CCOCCO11"
"WS","CCOCCO12"
"WS","CCOCCO13"
"WS","CCOCCO14"
"WS","CCOCFW00"
"WS","CCOCFW11"
"WS","CCOCFW12"
"WS","CCOCFW13"
"WS","CCOCFW14"
"WS","CCOCFW15"
"WS","CCOCFW16"
"WS","CCOCFW17"
"WS","CCOCFW18"
"WS","CD000000"
"WS","CD0CCI00"
"WS","CD0CCI11"
"WS","CD0CPJ00"
"WS","CD0CPJ11"
"WS","CD0HAR00"
"WS","CD0HAR11"
"WS","CD0HBC00"
"WS","CD0HBC11"
"WS","CD0HBC12"
"WS","CD0HGC00"
"WS","CD0HGC11"
"WS","CD0HGC12"
"WS","CD0HGC13"
"WS","CD0HGC14"
"WS","CD0HGC15"
"WS","CD0HGC16"
"WS","CD0HGC17"
"WS","CD0HMA00"
"WS","CD0HMA11"
"WS","CD0HMA12"
"WS","CD0HMA13"
"WS","CD0HOB00"
"WS","CD0HOB11"
"WS","CD0HOB12"
"WS","CD0HOB13"
"WS","CD0HOL00"
"WS","CD0HOL11"
"WS","CD0HOL12"
"WS","CD0HOL13"
"WS","CD0HOO00"
"WS","CD0HOO11"
"WS","CD0HOO12"
"WS","CD0HT000"
"WS","CD0HT011"
"WS","CD0HT012"
"WS","CD0SM000"
"WS","CD0SM011"
"WS","CD0SOH00"
"WS","CD0SOH12"
"WS","CD0SOH13"
"WS","CPJ00000"
"WS","CPJCCI00"
"WS","CPJCCI11"
"WS","CPJCCI12"
"WS","CPJCCI13"
"WS","CPJCCI14"
"WS","CPJCFW11"
"WS","CPJCFW12"
"WS","CPJGFI00"
"WS","CPJGFI11"
"WS","CPJGFI12"
"WS","CPJSOD11"
"WS","CPL00000"
"WS","CPLSOH00"
"WS","CPLSOH11"
"WS","CPLSOH12"
"WS","CPLST000"
"WS","CPLST011"
"WS","CPS00000"
"WS","CPSCPL00"
"WS","CPSCPL11"
"WS","CPSCPL12"
"WS","CPSCPW00"
"WS","CPSCPW11"
"WS","CPSHGC00"
"WS","CPSHGC11"
"WS","CPW00000"
"WS","CPWCD000"
"WS","CPWCD011"
"WS","CPWCFW00"
"WS","CPWCFW11"
"WS","CPWCPL00"
"WS","CPWCPL11"
"WS","CPWCPS00"
"WS","CPWCPS11"
"WS","HT000000"
"WS","HT0CCI00"
"WS","HT0CCI11"
"WS","HT0CCO00"
"WS","HT0CCO11"
"WS","HT0CCO12"
"WS","HT0CCO13"
"WS","HT0CCO14"
"WS","HT0CCO15"
"WS","HT0CCO16"
"WS","HT0CCO17"
"WS","HT0CCO18"
"WS","HT0CCO19"
"WS","HT0HBC00"
"WS","HT0HBC11"
"WS","HT0HBC12"
"WS","HT0HGC00"
"WS","HT0HGC11"
"WS","HT0HGC12"
"WS","HT0HGC13"
"WS","HT0HGC14"
"WS","HT0HGC15"
"WS","HT0HGC16"
"WS","HT0HM000"
"WS","HT0HM011"
"WS","HT0HM012"
"WS","HT0HM013"
"WS","HT0HOB00"
"WS","HT0HOB11"
"WS","HT0HOL00"
"WS","HT0HOL11"
"WS","HT0HOL12"
"WS","HT0HOL13"
"WS","HT0HOL14"
"WS","HT0HOL15"
"WS","HT0HOL16"
"WS","HT0SD000"
"WS","HT0SD011"
"WS","HT0SD012"
"WS","HT0SEH12"
"WS","HT0SEH13"
"WS","HT0SM000"
"WS","HT0SM011"
"WS","HT0SOH00"
"WS","HT0SOH11"
"WS","HT0SSG12"
"WS","HT0SSG13"
"WS","HT0SEH00"
"WS","HT0SEH11"
"WS","HT0SSG00"
"WS","HT0SSG11"
"WS","CC0311"
"WS","CPJGBW11"
"WS","CPJGNG11"
"WS","CPJSAM11"
"WS","CPJSAM12"
"WS","CPJSBB11"
"WS","CPJSBB12"
"WS","CPJSBB13"
"WS","CPJSBB14"
"WS","CPJSBB15"
"WS","CPJSBB16"
"WS","CPJSBB17"
"WS","CPJSBB18"
"WS","CPJSBB19"
"WS","CPJSBB20"
"WS","CPJSBB21"
"WS","CPJSBB23"
"WS","CPJSMC11"
"WS","CPJSMC12"
"WS","CPJSMC13"
"WS","CPJSOH11"
"WS","CPJSSB11"
"WS","CPJSSS12"
"WS","CPJSSY11"
"WS","CPOSMP11"
"WS","CPOSSY11"
"WS","CPPSAM11"
"WS","CPPSAM12"
"WS","CPPSAM13"
"WS","CPPSAM14"
"WS","CPPSAM15"
"WS","CPPSAM16"
"WS","CPPSBB11"
"WS","CPPSBB12"
"WS","CPPSBB13"
"WS","CPPSBB14"
"WS","CPPSBB15"
"WS","CPPSBB16"
"WS","CPPSBB17"
"WS","CPPSBB18"
"WS","CPPSBB19"
"WS","CPPSBB20"
"WS","CPPSBB21"
"WS","CPPSBB22"
"WS","CPPSSB11"
"WS","DC0811"
"WS","DC0812"
"WS","DC0813"
"WS","DC0911"
"WS","DH0711"
"WS","PC0611"
"WS","QS0111"
"WS","WC0911"
"WS","WC0912"
"WS","WC0913"
"WS","WC0914"
"WS","WC0915"
"WS","WC0916"
"WS","WC0917"
"WS","CC0411"
"WS","DC1011"
"WS","DC1012"
"WS","DC1013"
"WS","DC1014"
"WS","DC1015"
"WS","DC1016"
"WS","DC1017"
"WS","DC1018"
"WS","DC1019"
"WS","DS0911"
"WS","PG0611"
"WS","PG0612"
"WS","PG0613"
"WS","PG0614"
"WS","PS0911"
"WS","WC1011"
"WS","WC1012"
"WS","WC1013"
"WS","CX000000"
"WS","CX0D0000"
"WS","CX0FBB11"
"WS","CX0FFS11"
"WS","CX0FRE11"
"WS","CX0FTP11"
"WS","CX0FWS11"
"WS","CX0GCR11"
"WS","CX0HAW11"
"WS","CX0HDP00"
"WS","CX0HDP13"
"WS","CX0HDP14"
"WS","CX0HMB12"
"WS","CX0HOL00"
"WS","CX0HOL15"
"WS","CX0HOL16"
"WS","CX0HOL17"
"WS","CX0HT000"
"WS","CX0HT012"
"WS","CX0HT013"
"WS","CX0HT011"
"WS","CX0HT014"
"WS","CX0M0000"
"WS","CX0R0000"
"WS","CX0SAM12"
"WS","CX0SE000"
"WS","CX0SE011"
"WS","CX0SE012"
"WS","CX0SE013"
"WS","CX0SE014"
"WS","CX0SHN12"
"WS","CX0SLS11"
"WS","CX0SMA11"
"WS","CX0SMA12"
"WS","CX0SMM00"
"WS","CX0SMM11"
"WS","CX0SMM12"
"WS","CX0SSS13"
"WS","CX0W0000"
"WS","CX0SDA11"
"WS","RS0511"
"WS","WC0413"
"WS","JC0111"
"WS","JC0112"
"WS","MC0211"
"WS","PS0811"
"WS","PS0812"
"WS","PS0813"
"WS","QC0211"
"WS","QC0212"
"WS","RC0011"
"WS","RC0331"
"WS","RC0421"
"WS","RC0511"
"WS","RC0512"
"WS","RC0513"
"WS","RC0611"
"WS","RC0612"
"WS","RC0613"
"WS","RF0411"
"WS","RF0412"
"WS","RS0114"
"WS","WC0711"
"WS","WC0712"
"WS","CD0SOH11"
"WS","CN00000"
"WS","CN00011"
"WS","CNF0111"
"WS","CNF0211"
"WS","CNF0311"
"WS","CNHB011"
"WS","CNHT011"
"WS","CPPSSS11"
"WS","HOD00000"
"WS","HODGA000"
"WS","HODGA011"
"WS","HODGA012"
"WS","HODGA013"
"WS","HODGA014"
"WS","HODGA015"
"WS","HODGA016"
"WS","HODGA017"
"WS","HODGA018"
"WS","HODGA019"
"WS","HODGA020"
"WS","HODGA021"
"WS","HODGA022"
"WS","HODHOI00"
"WS","HODHOI11"
"WS","SA000000"
"WS","SA0SB000"
"WS","SA0SBS00"
"WS","SA0SCC00"
"WS","SA0SCH00"
"WS","SA0SCT00"
"WS","SA0SCW00"
"WS","SA0SMB00"
"WS","SA0SME00"
"WS","SB0SSW00"
"WS","SBM00000"
"WS","SCH00000"
"WS","SMB00000"
"WS","SME00000"
"WS","SOC00000"
"WS","SOI00000"
"WS","SOISCL00"
"WS","SOISOC00"
"WS","SOISOS00"
"WS","SOS00000"
"WS","SOSSA000"
"WS","SOSSBM00"
"WS","SOSSCH00"
"WS","SOSSCL00"
"WS","SR000000"
"WS","SR0SA000"
"WS","SSC00000"
"WS","SSCSB000"
"WS","SSCSSB00"
